Sexe,Statut_marital,Niveau_education,Type_emploi,Age,Annees_emploi,Revenu_annuel,Note_credit,Ratio_dette_revenu,Montant_pret_demande,Nombre_prets_en_cours,Solvable
Homme,Marié,Bachelier,CDI,31,4.09,110527.61,393,0.44,13168.5,0,1
Femme,Marié,Secondaire,CDI,29,23.94,94982.2,495,0.84,13899.65,0,0
Homme,Marié,Bachelier,Indépendant,41,6.76,29245.64,662,0.93,16040.34,3,0
Femme,Marié,Bachelier,CDD,56,5.8,32566.54,647,0.83,38425.84,1,0
Femme,Célibataire,Sans diplôme,CDD,29,19.5,15895.97,596,0.53,47457.09,1,1
Autre,Marié,Master,Sans emploi,58,17.48,39727.82,408,0.71,10721.99,3,1
Homme,Veuf,Master,Sans emploi,49,25.48,62066.1,569,0.34,29657.3,1,1
Autre,Célibataire,Bachelier,CDI,21,38.8,43461.97,390,0.46,11619.67,3,1
Homme,Célibataire,Secondaire,CDI,20,1.62,61849.39,472,0.94,7441.51,1,0
Homme,Veuf,Master,Sans emploi,25,19.68,77764.28,836,0.35,6775.57,2,1
Homme,Divorcé,Sans diplôme,CDD,20,32.6,112396.08,654,0.17,24300.79,0,1
Autre,Veuf,Master,CDI,43,13.92,111584.65,476,0.47,24139.52,3,0
Femme,Divorcé,Sans diplôme,CDI,64,16.33,78449.49,721,0.65,34888.66,4,1
Autre,Marié,Secondaire,Indépendant,23,4.5,50270.14,803,0.13,22546.93,1,1
Autre,Divorcé,Bachelier,CDD,34,21.12,38366.02,331,0.12,15337.24,3,1
Homme,Veuf,Secondaire,Indépendant,68,2.04,76763.71,827,0.3,9333.65,2,1
Femme,Célibataire,Secondaire,CDI,26,12.09,81195.78,514,0.91,30702.1,2,0
Femme,Veuf,Sans diplôme,CDI,35,26.7,39477.94,781,0.67,14780.23,0,0
Femme,Marié,Secondaire,CDI,68,29.99,16446.66,439,0.22,21971.77,3,1
Femme,Marié,Bachelier,CDI,46,10.71,48887.45,445,0.6,5788.87,3,0
Homme,Marié,Master,Sans emploi,32,21.61,114999.52,584,0.66,16206.89,1,1
Femme,Veuf,Sans diplôme,CDD,24,20.94,34700.28,599,0.52,34295.13,4,1
Homme,Marié,Sans diplôme,CDD,31,29.25,44123.37,664,0.76,10541.2,2,1
Homme,Divorcé,Secondaire,CDD,46,15.58,42213.08,336,0.02,34760.99,4,1
Femme,Marié,Secondaire,CDD,21,13.08,87150.27,564,0.19,43718.94,2,0
Autre,Célibataire,Secondaire,Indépendant,62,4.78,90851.33,603,0.97,44121.6,1,1
Homme,Marié,Doctorat,Indépendant,56,17.64,58875.02,842,0.5,12082.81,0,1
Autre,Divorcé,Bachelier,Indépendant,65,12.82,110410.03,475,0.08,26029.97,3,1
Homme,Veuf,Secondaire,CDI,22,7.84,89777.12,814,0.31,45255.36,2,0
Femme,Célibataire,Doctorat,Sans emploi,18,6.52,107677.72,512,0.0,37846.68,2,1
Femme,Veuf,Sans diplôme,CDD,29,13.19,103730.67,792,0.58,43987.39,3,1
Autre,Divorcé,Bachelier,Sans emploi,56,31.66,94985.23,639,1.0,22410.19,0,0
Homme,Veuf,Doctorat,CDD,24,31.39,45302.38,845,0.59,27455.57,2,0
Femme,Divorcé,Sans diplôme,CDD,69,39.15,25053.61,380,0.61,45280.13,4,1
Femme,Divorcé,Master,Indépendant,38,16.79,84061.91,575,0.33,24305.62,1,1
Femme,Divorcé,Master,CDI,24,35.49,87025.79,571,0.24,35157.55,0,1
Homme,Marié,Bachelier,CDI,34,37.35,92823.37,418,0.51,24106.58,4,0
Autre,Divorcé,Doctorat,Sans emploi,18,14.49,99170.34,566,0.9,36860.29,2,1
Homme,Marié,Doctorat,CDI,21,19.54,53947.94,802,0.01,32595.12,0,0
Autre,Marié,Sans diplôme,Indépendant,23,13.58,51052.31,607,0.57,24872.16,3,1
Autre,Veuf,Master,CDD,65,4.3,44737.25,447,0.43,29705.99,0,0
Homme,Veuf,Master,Sans emploi,57,16.08,57639.18,725,0.62,31916.7,2,1
Autre,Divorcé,Secondaire,Indépendant,34,38.53,105907.67,373,0.84,44557.62,1,0
Homme,Veuf,Doctorat,CDD,43,32.89,10210.59,365,0.45,35459.2,4,0
Homme,Célibataire,Bachelier,CDI,48,30.47,70507.28,673,0.22,37118.95,3,1
Homme,Veuf,Master,Sans emploi,45,4.04,34606.13,611,0.38,48646.7,0,1
Femme,Divorcé,Bachelier,Sans emploi,29,0.43,73101.73,383,0.15,8044.78,1,1
Femme,Veuf,Bachelier,CDD,58,5.6,19484.27,396,0.08,13442.61,1,0
Autre,Veuf,Secondaire,CDI,18,15.56,19317.97,718,0.38,19315.5,4,1
Homme,Divorcé,Master,Sans emploi,51,36.84,30898.52,458,0.63,47573.03,0,1
Homme,Marié,Bachelier,CDI,43,5.33,118356.09,710,0.26,15284.98,0,0
Femme,Veuf,Master,CDI,32,22.9,81041.22,428,0.92,30429.26,4,0
Homme,Marié,Secondaire,CDD,66,21.43,57408.15,701,0.69,10299.25,1,0
Femme,Veuf,Sans diplôme,Indépendant,52,6.43,43172.32,779,0.69,17180.02,0,0
Autre,Marié,Sans diplôme,CDI,58,31.71,73891.89,332,0.69,17424.94,3,0
Autre,Veuf,Sans diplôme,Sans emploi,68,1.39,59851.81,317,0.0,36880.98,2,1
Homme,Veuf,Bachelier,Sans emploi,68,3.15,60849.52,755,0.81,9897.31,0,1
Femme,Marié,Bachelier,Sans emploi,61,33.83,52331.38,563,0.92,39064.3,3,1
Femme,Divorcé,Bachelier,Sans emploi,56,13.84,36535.99,674,0.02,18659.58,1,1
Femme,Veuf,Master,CDD,37,39.36,19289.63,330,0.6,38006.17,4,1
Femme,Célibataire,Doctorat,CDI,60,9.45,85480.86,586,0.68,21495.25,3,1
Autre,Veuf,Master,CDD,52,36.02,29497.48,802,0.2,24188.05,3,0
Autre,Célibataire,Sans diplôme,Indépendant,56,22.95,56804.47,709,0.84,10662.38,0,1
Autre,Célibataire,Doctorat,CDI,39,15.74,74597.23,485,0.63,9807.89,4,1
Homme,Célibataire,Secondaire,CDI,38,30.77,26154.18,504,0.23,29382.88,4,1
Autre,Marié,Doctorat,CDI,44,33.59,75709.57,705,0.97,33668.16,3,1
Femme,Veuf,Secondaire,Indépendant,53,12.5,49839.2,439,0.22,9145.88,3,0
Homme,Divorcé,Bachelier,CDD,45,19.08,38116.26,542,0.68,11274.45,1,1
Femme,Marié,Sans diplôme,CDI,21,27.03,70345.9,625,0.47,6459.92,0,1
Autre,Marié,Bachelier,CDI,43,27.92,118796.57,385,0.72,12308.39,4,0
Homme,Divorcé,Master,Sans emploi,25,12.01,94544.5,418,0.1,15015.99,2,0
Homme,Veuf,Bachelier,Indépendant,22,3.71,41378.21,770,0.95,36081.64,3,0
Autre,Divorcé,Bachelier,Sans emploi,22,15.64,65168.94,407,0.2,7934.66,2,1
Homme,Divorcé,Doctorat,Sans emploi,27,13.79,54667.76,774,0.22,35933.29,3,0
Homme,Marié,Secondaire,CDD,22,3.58,67800.67,558,0.55,23244.28,4,1
Homme,Célibataire,Sans diplôme,Sans emploi,51,15.73,86070.38,796,0.35,11432.92,0,1
Homme,Veuf,Bachelier,Indépendant,67,22.85,96651.58,376,0.44,49204.81,2,1
Homme,Marié,Bachelier,Indépendant,28,39.85,115136.17,417,0.04,27692.11,1,1
Homme,Veuf,Secondaire,CDI,41,30.28,42456.39,683,0.23,18238.29,4,0
Autre,Marié,Master,CDD,66,13.22,45668.08,624,0.77,7497.73,2,0
Homme,Divorcé,Master,CDI,50,16.63,12461.38,506,0.9,19144.47,3,1
Autre,Veuf,Doctorat,Sans emploi,31,4.73,42962.82,464,0.23,32560.53,0,0
Femme,Marié,Secondaire,CDI,39,32.19,113588.0,477,0.77,16059.78,3,1
Femme,Veuf,Bachelier,Indépendant,46,22.63,101673.95,764,0.03,30615.87,0,0
Femme,Célibataire,Master,Indépendant,41,18.93,23088.51,379,0.04,17522.52,3,1
Homme,Célibataire,Master,Sans emploi,66,18.19,116110.39,715,0.39,7000.45,2,1
Femme,Veuf,Sans diplôme,CDI,23,9.3,107670.18,364,0.15,23592.48,1,1
Femme,Veuf,Sans diplôme,Indépendant,20,10.95,104390.31,827,0.17,21047.91,3,1
Femme,Veuf,Doctorat,Indépendant,18,12.94,111638.03,750,0.63,16065.06,2,1
Homme,Veuf,Master,CDD,27,0.07,68738.66,486,0.86,28803.73,2,0
Femme,Marié,Master,CDI,25,21.66,116805.24,377,0.78,22533.03,3,0
Autre,Divorcé,Secondaire,CDI,47,39.6,12881.67,734,0.34,47747.55,1,1
Homme,Marié,Sans diplôme,CDD,39,13.13,71867.29,423,0.88,32955.31,0,1
Femme,Célibataire,Sans diplôme,Indépendant,34,19.11,51040.45,653,0.84,21116.94,2,0
Autre,Célibataire,Master,CDD,32,35.19,72047.38,416,0.52,14645.15,2,1
Homme,Marié,Doctorat,CDD,37,21.38,108820.2,527,0.48,34930.57,2,1
Autre,Célibataire,Master,CDD,55,23.81,59430.19,615,0.06,46405.79,2,1
Homme,Marié,Bachelier,Indépendant,44,14.33,35019.73,703,0.15,33220.09,3,1
Femme,Célibataire,Sans diplôme,Sans emploi,30,19.02,49461.41,304,0.09,42322.65,0,1
Autre,Divorcé,Sans diplôme,Sans emploi,33,20.75,59030.5,503,0.53,35790.29,3,1
Autre,Veuf,Secondaire,Sans emploi,37,30.5,60042.71,478,0.68,47623.17,1,0
Femme,Célibataire,Doctorat,CDD,36,34.92,47161.62,475,0.62,23324.4,0,1
Homme,Marié,Secondaire,Sans emploi,60,26.55,60891.12,760,0.87,39772.64,4,0
Femme,Veuf,Sans diplôme,CDI,20,17.99,48117.16,840,0.66,27913.37,1,0
Femme,Marié,Doctorat,Sans emploi,34,33.79,43064.28,524,0.83,7227.12,3,1
Homme,Veuf,Master,Indépendant,29,8.92,104735.87,762,0.14,5596.8,2,1
Autre,Veuf,Master,CDD,53,14.05,102968.02,529,0.17,24130.56,3,1
Autre,Veuf,Doctorat,CDD,27,11.53,41242.11,740,0.92,34698.85,3,1
Autre,Divorcé,Bachelier,Sans emploi,27,17.08,108131.58,612,0.35,43847.26,3,1
Autre,Célibataire,Master,CDD,48,29.78,56602.67,839,0.22,6468.04,1,0
Femme,Marié,Secondaire,CDD,40,6.71,47956.29,590,0.91,47382.98,4,0
Autre,Célibataire,Master,CDD,60,35.4,33583.34,612,0.97,44814.22,2,0
Autre,Divorcé,Master,CDD,38,22.38,88210.47,580,0.64,44312.77,2,1
Autre,Marié,Bachelier,CDI,59,16.89,13205.92,470,0.39,33920.14,3,0
Autre,Divorcé,Master,Indépendant,37,5.25,76090.73,502,0.69,25999.61,3,1
Autre,Veuf,Secondaire,CDI,22,24.55,13077.72,793,0.02,41179.73,3,0
Homme,Marié,Secondaire,Sans emploi,64,12.7,42156.01,824,0.14,14277.84,3,1
Femme,Célibataire,Secondaire,Sans emploi,33,29.23,117030.28,304,0.37,18153.12,1,1
Autre,Veuf,Sans diplôme,CDD,51,39.05,75101.84,400,0.83,12771.2,1,1
Autre,Marié,Master,CDD,18,7.45,42231.49,393,0.3,49909.18,0,0
Femme,Veuf,Master,Sans emploi,65,1.47,41716.61,630,0.06,13648.16,0,0
Autre,Veuf,Doctorat,CDD,33,8.11,23793.39,833,0.38,36533.79,1,0
Femme,Divorcé,Bachelier,CDI,31,22.59,46388.8,779,0.24,25793.25,3,1
Homme,Marié,Sans diplôme,CDD,27,5.24,59535.66,598,0.06,6498.29,2,1
Autre,Divorcé,Master,CDI,67,14.84,88509.22,451,0.4,8656.86,1,1
Autre,Marié,Secondaire,Indépendant,60,7.79,72331.34,683,0.35,46824.28,1,0
Homme,Divorcé,Sans diplôme,CDI,28,29.14,14598.1,541,0.73,38504.42,0,0
Autre,Célibataire,Sans diplôme,Sans emploi,67,0.13,48058.88,354,0.06,29570.44,4,1
Homme,Marié,Secondaire,Sans emploi,57,1.61,15609.85,404,0.38,14425.92,2,1
Homme,Célibataire,Doctorat,Sans emploi,52,29.27,113263.77,737,0.34,5286.03,2,1
Autre,Marié,Master,CDI,57,38.74,56803.3,526,0.65,39769.25,4,1
Homme,Marié,Bachelier,Indépendant,66,23.62,75870.59,454,0.89,19053.44,0,0
Autre,Célibataire,Doctorat,Sans emploi,62,2.97,90331.16,430,0.14,14631.83,2,1
Autre,Divorcé,Bachelier,CDD,62,31.9,10392.8,398,0.82,12754.02,0,1
Autre,Célibataire,Bachelier,CDI,60,1.07,21617.86,397,0.61,41395.84,0,1
Homme,Célibataire,Master,Indépendant,19,8.0,68982.2,471,0.03,32928.48,3,1
Homme,Marié,Sans diplôme,CDI,26,18.96,76131.28,768,0.77,33858.54,4,1
Homme,Divorcé,Secondaire,CDI,18,23.94,89673.73,585,0.54,46644.68,4,1
Femme,Veuf,Bachelier,Indépendant,29,16.09,22622.81,762,0.8,45130.96,3,1
Autre,Divorcé,Doctorat,CDI,44,25.53,49298.19,502,0.41,35620.76,0,1
Homme,Célibataire,Master,Sans emploi,48,20.89,92145.96,504,0.67,48246.21,0,0
Femme,Veuf,Master,Indépendant,61,36.29,36310.39,774,0.2,15303.25,2,1
Autre,Célibataire,Doctorat,CDI,60,39.98,116422.26,609,0.19,5882.1,4,1
Autre,Veuf,Bachelier,CDD,37,29.21,117189.67,314,0.34,46476.81,2,1
Autre,Divorcé,Bachelier,Indépendant,39,3.49,63405.67,458,0.52,16894.76,2,0
Femme,Célibataire,Bachelier,CDD,65,13.2,24331.88,541,0.72,48789.63,4,0
Homme,Marié,Doctorat,CDI,19,20.87,12044.25,369,0.67,15081.76,2,1
Homme,Veuf,Bachelier,CDD,36,10.49,23004.35,724,0.82,17530.68,4,1
Homme,Veuf,Doctorat,Indépendant,46,34.95,51406.16,541,0.43,45925.24,0,1
Homme,Veuf,Master,CDI,29,7.86,47191.12,444,0.91,41569.48,0,0
Autre,Veuf,Doctorat,Indépendant,67,8.18,95008.41,558,0.11,9382.61,1,1
Autre,Veuf,Secondaire,CDI,57,36.2,72673.88,616,0.19,30896.21,2,0
Homme,Marié,Sans diplôme,Sans emploi,27,26.77,58267.33,351,0.68,12098.82,2,0
Homme,Célibataire,Sans diplôme,Sans emploi,42,24.67,25525.67,626,0.25,8225.22,4,1
Homme,Marié,Secondaire,Sans emploi,22,28.27,25936.71,321,0.16,32557.18,2,1
Femme,Divorcé,Doctorat,CDD,44,8.62,93728.17,733,0.89,8512.36,1,1
Autre,Célibataire,Sans diplôme,CDD,61,23.45,113264.95,601,0.07,26235.27,3,1
Homme,Marié,Secondaire,Sans emploi,39,27.57,38257.9,563,0.99,32653.07,3,1
Homme,Célibataire,Bachelier,Indépendant,32,10.25,68151.06,769,0.86,47259.62,0,0
Femme,Divorcé,Secondaire,Indépendant,47,33.61,100187.12,411,0.87,46457.25,1,1
Homme,Marié,Sans diplôme,CDI,19,22.18,98759.05,802,0.63,32335.59,0,1
Autre,Divorcé,Doctorat,Indépendant,32,20.1,80714.32,744,0.22,27622.06,4,1
Femme,Veuf,Doctorat,Indépendant,18,34.46,14722.23,560,0.8,34267.6,3,0
Femme,Célibataire,Doctorat,CDD,33,7.49,27374.23,413,0.05,46623.45,4,0
Femme,Célibataire,Sans diplôme,Indépendant,51,0.77,102451.43,511,0.58,49592.32,1,1
Homme,Marié,Bachelier,Indépendant,50,30.82,99317.83,745,0.44,6489.06,0,1
Homme,Divorcé,Doctorat,CDI,69,8.86,83326.07,524,0.75,48629.84,0,1
Homme,Célibataire,Master,Sans emploi,55,4.54,73494.08,353,0.02,41143.37,2,1
Femme,Veuf,Bachelier,Sans emploi,23,10.13,39342.7,470,0.39,8375.22,1,1
Femme,Veuf,Secondaire,CDD,48,6.3,82966.88,435,0.48,41007.55,1,0
Autre,Divorcé,Master,CDD,59,10.6,21817.3,512,0.15,34818.48,0,0
Femme,Divorcé,Bachelier,CDI,65,3.56,114904.37,590,0.41,45758.21,4,1
Homme,Marié,Sans diplôme,CDD,68,19.25,73133.23,838,0.91,25600.88,2,0
Homme,Divorcé,Master,CDI,27,27.77,18078.98,595,0.47,27650.23,0,1
Femme,Veuf,Bachelier,Sans emploi,25,36.25,104579.71,683,0.25,42679.1,3,0
Autre,Veuf,Bachelier,Sans emploi,48,29.82,72189.44,410,0.53,26770.45,2,1
Femme,Célibataire,Bachelier,CDI,39,4.35,34814.86,356,0.06,28686.56,2,1
Femme,Veuf,Bachelier,Sans emploi,48,21.41,15010.06,712,0.29,15996.15,0,1
Femme,Veuf,Doctorat,Indépendant,59,3.17,118301.24,678,0.78,19869.01,3,1
Homme,Célibataire,Master,Indépendant,26,22.91,64469.63,666,0.64,17944.18,2,1
Homme,Marié,Bachelier,Sans emploi,19,21.13,34642.92,526,0.02,7054.84,4,0
Homme,Divorcé,Secondaire,CDI,63,0.26,73355.51,435,0.57,31236.52,0,1
Femme,Célibataire,Bachelier,Indépendant,39,30.15,31252.06,471,0.22,42919.32,4,1
Autre,Célibataire,Doctorat,Indépendant,26,25.66,38910.62,492,0.98,39664.07,4,0
Femme,Marié,Master,Sans emploi,63,18.15,111735.83,605,0.78,16096.35,0,0
Femme,Divorcé,Master,CDD,67,36.76,43461.07,756,0.13,31383.94,4,1
Homme,Divorcé,Bachelier,CDD,18,18.1,68135.08,768,0.39,27069.38,1,1
Homme,Divorcé,Bachelier,Sans emploi,45,18.44,42216.95,813,0.49,41744.93,3,1
Femme,Célibataire,Secondaire,Sans emploi,68,6.51,55857.27,808,0.18,20906.6,3,1
Autre,Veuf,Master,Indépendant,66,26.6,74965.7,471,0.7,6646.86,4,1
Homme,Veuf,Master,CDI,43,6.74,93815.69,614,0.84,44927.41,3,0
Autre,Célibataire,Master,CDI,47,12.39,10887.92,821,0.0,35162.62,2,0
Autre,Veuf,Sans diplôme,Indépendant,25,27.97,33525.81,389,0.13,13183.63,2,1
Femme,Marié,Master,Indépendant,44,12.24,98342.44,775,0.28,14256.69,3,0
Femme,Veuf,Master,CDI,49,24.11,39113.68,654,0.98,22918.99,1,0
Femme,Célibataire,Secondaire,CDD,32,39.07,22363.98,345,0.4,26437.47,1,1
Autre,Veuf,Secondaire,CDD,37,1.72,46522.54,500,0.17,19863.51,0,0
Homme,Marié,Doctorat,CDI,26,15.77,84788.85,425,0.12,28205.17,0,0
Homme,Veuf,Secondaire,Sans emploi,57,35.99,81737.11,308,0.9,45160.26,2,1
Femme,Veuf,Master,Sans emploi,47,23.59,103395.34,595,0.81,33348.23,3,1
Homme,Marié,Master,Indépendant,41,37.67,113484.1,306,0.62,21628.81,4,0
Autre,Divorcé,Master,CDD,31,38.02,84032.53,528,0.54,43719.94,0,1
Autre,Marié,Secondaire,Sans emploi,58,33.1,104624.59,602,0.78,36307.54,3,1
Homme,Veuf,Bachelier,Sans emploi,19,13.92,38895.58,540,0.32,31717.57,1,1
Autre,Divorcé,Sans diplôme,Sans emploi,43,1.07,58677.95,307,0.64,28243.32,3,0
Autre,Divorcé,Doctorat,CDI,42,38.15,44967.86,685,0.74,8952.67,1,1
Autre,Célibataire,Bachelier,Indépendant,48,8.16,94622.31,584,0.58,31682.08,0,0
Femme,Célibataire,Sans diplôme,Indépendant,59,9.7,92286.1,572,0.17,22921.67,2,1
Femme,Marié,Secondaire,CDD,34,26.64,54145.31,457,0.99,29764.81,1,1
Homme,Marié,Doctorat,Sans emploi,29,28.09,83312.61,653,0.81,10582.93,3,1
Homme,Marié,Doctorat,Indépendant,57,38.36,11436.37,429,0.49,40377.99,0,1
Homme,Veuf,Secondaire,CDI,25,23.81,109723.43,798,0.62,28038.02,4,1
Autre,Marié,Bachelier,CDI,56,17.61,56510.51,474,0.76,42391.88,0,1
Autre,Célibataire,Sans diplôme,CDI,39,4.98,109692.15,669,0.46,14306.55,0,0
Femme,Marié,Master,Sans emploi,42,34.3,15009.04,689,0.74,47213.79,2,1
Femme,Divorcé,Master,CDI,55,1.77,19191.0,705,0.77,31018.31,2,1
Homme,Célibataire,Sans diplôme,Sans emploi,61,34.09,64987.14,699,0.46,8405.86,1,1
Homme,Divorcé,Master,Indépendant,54,13.45,34432.04,610,0.19,19117.3,1,1
Autre,Veuf,Bachelier,CDI,50,36.32,90319.53,601,0.6,49220.82,1,1
Femme,Marié,Secondaire,Sans emploi,27,34.02,85117.69,769,0.55,32600.04,4,1
Femme,Célibataire,Master,CDD,67,27.96,79373.43,342,0.5,23888.62,2,1
Autre,Divorcé,Secondaire,Indépendant,58,0.85,102509.27,450,0.06,46206.11,3,1
Homme,Célibataire,Master,Indépendant,34,27.67,103123.82,332,0.78,21257.81,2,0
Femme,Divorcé,Master,Sans emploi,53,22.47,39780.94,660,0.54,38621.56,3,1
Femme,Célibataire,Doctorat,Sans emploi,21,10.09,34295.05,520,0.43,11581.93,4,0
Femme,Divorcé,Master,Indépendant,57,23.07,84522.0,603,0.81,36372.19,4,1
Femme,Veuf,Doctorat,Sans emploi,55,33.98,22023.98,677,0.2,27114.79,3,1
Femme,Divorcé,Sans diplôme,CDI,21,8.43,32247.1,703,0.27,24108.32,3,0
Autre,Divorcé,Master,Sans emploi,58,13.59,107889.82,437,0.64,15422.41,1,0
Autre,Célibataire,Master,Indépendant,53,3.53,80663.05,324,0.39,49435.51,4,1
Autre,Divorcé,Master,CDI,19,31.13,31614.48,605,0.3,10562.87,2,1
Homme,Divorcé,Doctorat,Sans emploi,21,3.97,85318.85,736,0.25,14157.14,3,1
Femme,Marié,Master,CDI,29,36.48,30535.72,570,0.49,21983.51,1,1
Autre,Divorcé,Bachelier,Sans emploi,21,20.43,80152.55,656,0.78,10900.42,1,1
Femme,Marié,Sans diplôme,Indépendant,64,10.93,33866.92,587,0.81,47089.6,4,0
Femme,Célibataire,Secondaire,Indépendant,30,2.8,88500.93,657,0.79,45967.16,1,1
Femme,Divorcé,Secondaire,CDI,50,32.71,118043.67,528,0.89,24718.68,1,1
Femme,Veuf,Doctorat,Indépendant,57,15.69,64064.97,473,0.05,27158.03,0,1
Homme,Célibataire,Sans diplôme,Indépendant,68,35.39,82801.88,380,0.98,7794.08,3,1
Autre,Veuf,Sans diplôme,CDI,18,28.82,119924.62,561,0.43,42771.78,0,0
Autre,Marié,Secondaire,CDI,65,3.37,54161.28,509,0.19,40121.94,2,1
Homme,Marié,Doctorat,Indépendant,41,30.88,99254.38,461,0.97,22698.0,0,0
Femme,Veuf,Bachelier,CDI,25,32.91,21242.78,774,0.83,26468.93,2,0
Femme,Veuf,Sans diplôme,CDI,19,4.01,11291.02,406,0.93,34671.28,2,1
Homme,Veuf,Secondaire,Sans emploi,52,26.81,116228.15,606,0.52,25951.06,4,1
Homme,Célibataire,Bachelier,CDD,31,8.84,76843.87,805,0.75,17293.57,0,0
Homme,Veuf,Bachelier,Indépendant,48,13.41,50673.68,316,0.52,18386.84,4,0
Autre,Divorcé,Bachelier,Indépendant,39,5.62,60225.05,601,0.54,28279.09,1,1
Femme,Célibataire,Master,Sans emploi,35,1.75,21604.68,728,0.95,49753.9,4,1
Autre,Marié,Bachelier,Indépendant,41,34.3,13129.43,449,0.74,27046.66,0,1
Femme,Veuf,Bachelier,Indépendant,53,37.32,93222.83,731,0.57,7510.88,4,1
Autre,Marié,Secondaire,Indépendant,51,28.87,68946.33,346,0.39,47241.29,3,1
Homme,Divorcé,Doctorat,CDI,24,6.58,108902.31,670,0.16,18768.69,3,1
Autre,Veuf,Master,Indépendant,42,0.04,77279.26,791,0.12,6792.14,3,0
Homme,Marié,Secondaire,Indépendant,52,14.54,61499.43,560,0.3,8252.86,1,0
Femme,Divorcé,Secondaire,CDD,58,21.81,75603.23,633,0.69,12701.06,0,1
Femme,Veuf,Bachelier,Sans emploi,56,16.68,80546.62,626,0.19,33537.04,0,0
Femme,Divorcé,Master,Sans emploi,27,26.7,47121.78,591,0.13,21559.37,3,1
Homme,Veuf,Doctorat,CDI,42,11.13,79380.15,312,0.08,46278.5,3,1
Homme,Divorcé,Doctorat,Indépendant,47,11.6,47326.62,356,0.85,40697.31,4,1
Homme,Marié,Secondaire,Indépendant,23,0.24,109860.69,510,0.24,19437.66,1,0
Homme,Célibataire,Master,Indépendant,66,25.66,34492.94,527,0.2,49375.21,1,1
Homme,Veuf,Secondaire,Indépendant,66,33.84,36811.73,315,0.39,34992.45,4,1
Homme,Veuf,Secondaire,CDI,43,36.65,91415.61,651,0.63,5784.74,3,0
Femme,Célibataire,Doctorat,CDD,22,23.49,95513.82,591,0.59,25838.97,0,0
Homme,Marié,Doctorat,Sans emploi,64,7.67,66625.58,807,0.92,45964.57,4,1
Autre,Veuf,Secondaire,CDD,56,16.41,85317.81,439,0.68,18318.22,1,0
Autre,Célibataire,Doctorat,Indépendant,18,14.31,46869.42,453,0.56,46708.99,3,0
Femme,Célibataire,Doctorat,CDD,32,2.29,35441.18,830,0.71,32691.34,2,0
Femme,Marié,Bachelier,CDD,27,0.56,80667.74,360,0.66,31236.96,4,1
Femme,Célibataire,Bachelier,Sans emploi,54,12.42,67759.75,783,0.77,21462.22,3,1
Autre,Veuf,Sans diplôme,CDD,65,28.37,108094.71,390,0.57,48061.56,0,1
Femme,Marié,Sans diplôme,CDD,68,26.04,63658.07,778,0.81,24377.73,2,0
Femme,Divorcé,Secondaire,CDD,46,30.61,21976.78,368,0.9,33547.38,2,1
Homme,Divorcé,Secondaire,CDI,33,35.01,96992.54,570,0.7,33668.84,0,0
Femme,Veuf,Secondaire,CDI,20,37.95,50724.15,561,0.36,33952.7,0,0
Autre,Célibataire,Secondaire,CDI,54,31.92,37631.85,428,0.28,18771.93,0,0
Femme,Marié,Doctorat,CDD,25,1.62,69428.64,474,0.64,43913.37,4,0
Femme,Divorcé,Sans diplôme,CDI,35,38.74,21561.22,560,0.63,31712.16,4,1
Homme,Marié,Secondaire,CDD,49,12.59,15836.31,512,0.02,22480.05,3,1
Homme,Veuf,Bachelier,CDD,61,35.35,77994.49,683,0.75,19502.35,2,0
Femme,Veuf,Doctorat,CDI,59,5.38,14230.0,411,0.22,10115.81,2,0
Femme,Marié,Sans diplôme,Indépendant,33,26.23,76363.61,314,0.05,32460.91,2,1
Autre,Marié,Doctorat,CDD,46,12.85,38503.14,483,0.15,40217.33,1,0
Femme,Veuf,Master,CDD,60,31.76,116204.34,696,0.66,24010.96,1,1
Autre,Veuf,Secondaire,Sans emploi,49,5.14,66647.35,741,0.52,46204.74,0,0
Autre,Célibataire,Bachelier,CDI,40,20.32,95125.95,815,0.85,10649.1,2,0
Femme,Divorcé,Sans diplôme,Sans emploi,68,39.28,58431.11,501,0.11,26955.02,3,1
Autre,Célibataire,Doctorat,CDD,41,29.02,113467.86,464,0.83,33909.16,3,0
Autre,Marié,Sans diplôme,Sans emploi,22,5.08,12264.95,367,0.65,30632.19,3,1
Homme,Divorcé,Master,CDD,18,26.33,109227.52,433,0.21,45027.24,1,1
Femme,Célibataire,Bachelier,Sans emploi,35,26.86,21096.39,500,0.74,35781.51,1,1
Femme,Divorcé,Doctorat,CDD,24,33.03,12802.36,701,0.74,42126.49,4,1
Femme,Célibataire,Master,CDI,22,11.87,102078.73,662,0.11,34795.67,2,1
Autre,Marié,Bachelier,Sans emploi,29,5.87,66344.25,411,0.27,20490.96,2,1
Femme,Veuf,Secondaire,Sans emploi,50,33.87,10487.49,771,0.64,17266.27,2,1
Femme,Divorcé,Sans diplôme,Indépendant,34,14.59,20798.94,751,0.38,20748.26,4,1
Femme,Marié,Master,Indépendant,20,17.57,24716.94,815,0.77,23368.02,3,1
Autre,Marié,Sans diplôme,CDI,28,38.39,51750.69,806,0.54,42206.34,3,0
Homme,Veuf,Sans diplôme,CDD,57,18.34,111988.79,759,0.86,36992.12,4,0
Femme,Veuf,Master,Indépendant,56,3.26,53387.81,599,0.11,42207.91,4,0
Homme,Veuf,Master,CDI,57,26.44,79707.53,379,0.73,46631.14,2,1
Femme,Divorcé,Doctorat,CDI,18,28.67,118425.08,684,0.46,41665.87,4,1
Femme,Veuf,Bachelier,CDD,27,18.69,44922.79,802,0.52,48302.49,2,0
Autre,Divorcé,Secondaire,CDD,29,28.12,86164.05,461,0.28,47743.76,0,1
Homme,Veuf,Bachelier,Sans emploi,62,15.84,105760.15,473,0.27,19443.28,2,0
Autre,Célibataire,Secondaire,Sans emploi,35,36.03,35398.66,381,0.19,22653.82,0,1
Homme,Célibataire,Secondaire,CDI,54,30.82,21856.83,721,0.37,30884.26,1,1
Autre,Marié,Doctorat,CDI,59,11.17,65937.15,469,0.24,36074.58,1,1
Homme,Célibataire,Bachelier,CDI,65,18.89,113474.34,594,0.19,25911.76,2,1
Autre,Veuf,Master,Sans emploi,23,28.89,105723.28,335,0.96,40449.61,1,1
Homme,Divorcé,Sans diplôme,Indépendant,59,21.37,33884.94,605,0.45,33440.31,2,1
Homme,Divorcé,Doctorat,CDD,66,20.8,113957.1,509,0.68,31814.16,4,0
Homme,Veuf,Doctorat,CDI,56,33.7,54126.46,827,0.37,11542.78,4,1
Homme,Divorcé,Doctorat,Sans emploi,54,26.11,104056.87,354,0.57,12709.15,1,0
Femme,Marié,Master,Sans emploi,22,37.62,21748.08,645,0.5,19097.93,1,1
Autre,Célibataire,Sans diplôme,CDD,67,10.86,55382.48,628,0.61,48311.38,2,1
Homme,Veuf,Secondaire,Indépendant,29,3.99,69764.84,443,0.72,8429.47,0,0
Homme,Célibataire,Master,CDI,57,7.44,76018.31,539,0.66,48211.31,0,1
Femme,Célibataire,Bachelier,CDD,47,7.59,108366.61,422,0.76,26469.83,3,1
Autre,Veuf,Bachelier,Sans emploi,61,22.17,45275.77,663,0.15,24618.26,1,0
Femme,Veuf,Master,Indépendant,63,20.48,24599.33,591,0.09,43109.59,1,0
Homme,Célibataire,Doctorat,CDI,29,23.76,62000.77,408,0.34,42416.43,2,1
Homme,Veuf,Master,Sans emploi,60,8.04,19907.42,392,0.48,11029.28,1,0
Homme,Célibataire,Sans diplôme,Sans emploi,50,9.57,102774.34,839,0.22,41528.5,2,1
Homme,Célibataire,Secondaire,CDD,19,2.28,68118.17,553,0.77,27981.65,1,0
Homme,Célibataire,Secondaire,Sans emploi,62,1.01,35187.52,469,0.72,19540.72,2,1
Femme,Veuf,Secondaire,CDI,65,14.22,24373.98,542,0.91,9877.07,0,0
Homme,Veuf,Secondaire,Sans emploi,52,29.85,75018.98,814,0.73,31650.25,4,0
Autre,Marié,Doctorat,CDD,60,28.0,92684.26,442,0.11,40114.92,4,1
Autre,Célibataire,Bachelier,CDD,60,26.61,52577.39,580,0.66,44855.35,1,0
Autre,Célibataire,Bachelier,Indépendant,62,0.86,95867.54,790,0.41,48722.86,0,1
Homme,Célibataire,Master,Indépendant,28,37.94,84171.58,319,0.26,10543.48,4,0
Homme,Marié,Secondaire,Sans emploi,60,13.62,15472.02,399,0.6,22855.28,4,1
Autre,Célibataire,Bachelier,Sans emploi,58,17.36,89161.9,423,0.3,7190.44,2,1
Homme,Marié,Sans diplôme,Sans emploi,64,32.05,73222.72,591,0.53,33608.48,4,1
Autre,Marié,Master,Indépendant,57,3.66,111011.46,518,0.58,44945.13,1,1
Autre,Veuf,Doctorat,Indépendant,33,7.07,20291.2,504,0.53,35926.84,0,1
Homme,Marié,Bachelier,Sans emploi,63,13.02,29268.56,724,0.01,22491.91,2,1
Femme,Veuf,Secondaire,Indépendant,44,33.74,83074.27,401,0.35,39196.57,3,1
Femme,Divorcé,Doctorat,CDD,59,27.43,103868.61,315,0.79,49847.58,1,0
Femme,Célibataire,Sans diplôme,Indépendant,58,14.34,32927.57,450,0.35,5050.49,2,1
Homme,Divorcé,Sans diplôme,CDD,62,37.33,114321.07,423,0.51,42262.51,2,1
Homme,Célibataire,Sans diplôme,Sans emploi,66,31.35,107613.69,303,0.35,19682.22,3,1
Femme,Marié,Doctorat,CDD,34,0.42,20875.9,517,0.2,38617.99,0,1
Homme,Veuf,Bachelier,CDI,61,18.01,113973.98,358,0.2,15666.84,3,1
Homme,Marié,Bachelier,Sans emploi,46,17.0,36550.1,537,0.75,14081.92,3,0
Femme,Célibataire,Secondaire,CDD,18,9.42,78910.24,488,0.63,41431.92,1,1
Autre,Célibataire,Doctorat,CDD,62,11.27,86450.24,579,0.93,39532.47,1,1
Autre,Marié,Bachelier,Indépendant,20,27.31,46351.52,714,0.42,41504.92,4,1
Homme,Célibataire,Master,CDD,40,9.62,16815.02,699,0.64,39080.31,2,1
Autre,Célibataire,Secondaire,Indépendant,42,29.61,84529.1,763,0.47,9313.79,1,1
Femme,Divorcé,Bachelier,CDD,62,18.78,23404.61,582,0.47,44729.53,2,1
Femme,Marié,Master,CDD,37,3.19,13397.51,772,0.85,21992.79,3,1
Autre,Divorcé,Secondaire,Indépendant,48,16.26,92171.57,731,0.45,14884.9,1,0
Femme,Marié,Sans diplôme,CDI,31,31.66,22190.59,617,0.93,30540.51,1,1
Autre,Divorcé,Sans diplôme,CDD,25,5.17,99228.36,302,0.62,20563.91,3,0
Autre,Veuf,Master,CDD,37,20.11,118798.67,501,0.09,36944.14,2,0
Femme,Célibataire,Sans diplôme,Sans emploi,53,7.45,54405.13,677,0.07,36257.84,2,1
Autre,Célibataire,Master,Indépendant,47,37.05,81062.47,760,0.98,43254.84,0,1
Homme,Marié,Secondaire,Indépendant,38,21.94,112293.42,329,0.4,49710.14,0,1
Homme,Marié,Bachelier,CDI,26,6.61,110858.6,308,0.59,40980.38,0,1
Autre,Marié,Secondaire,Sans emploi,28,22.36,44413.59,384,0.43,11369.7,2,1
Femme,Divorcé,Master,CDI,59,38.34,12987.53,357,0.16,39318.93,3,1
Femme,Marié,Doctorat,CDI,52,33.19,41652.16,456,0.13,30510.48,4,0
Autre,Célibataire,Doctorat,CDD,64,13.6,30446.55,719,0.21,30343.16,4,1
Autre,Marié,Master,CDD,29,29.74,49143.42,556,0.61,20176.05,4,1
Femme,Célibataire,Sans diplôme,Indépendant,26,27.46,41250.55,543,0.55,12232.98,1,0
Homme,Divorcé,Master,Sans emploi,39,29.93,102735.04,687,0.33,12787.34,4,1
Autre,Célibataire,Bachelier,Indépendant,22,19.34,67690.91,410,0.04,7591.98,4,1
Homme,Veuf,Secondaire,Sans emploi,65,36.76,24233.37,621,0.32,41240.74,3,1
Autre,Célibataire,Master,Indépendant,25,14.9,52434.72,709,0.4,38477.68,0,1
Homme,Veuf,Bachelier,CDI,39,38.5,83254.29,696,0.76,43552.79,3,0
Autre,Divorcé,Doctorat,CDI,40,4.9,107128.31,374,0.74,36686.44,1,0
Femme,Célibataire,Master,CDI,24,37.3,60730.43,796,0.22,12550.37,0,0
Autre,Divorcé,Sans diplôme,CDD,37,30.49,110996.12,706,0.23,38118.16,2,1
Femme,Divorcé,Master,Sans emploi,61,38.21,97595.84,615,0.63,30103.34,2,1
Homme,Veuf,Doctorat,Sans emploi,24,22.15,18345.05,356,0.65,9890.28,1,0
Femme,Divorcé,Bachelier,CDD,50,37.47,99414.23,350,0.56,45730.51,3,0
Femme,Célibataire,Master,Sans emploi,55,6.78,20066.16,411,0.11,45604.27,3,1
Autre,Veuf,Master,Indépendant,40,1.2,110673.78,588,0.29,33253.89,2,1
Autre,Divorcé,Sans diplôme,CDI,59,28.03,88961.97,757,0.03,23883.85,3,1
Homme,Marié,Master,CDD,39,34.54,35628.99,415,0.76,15706.58,2,0
Femme,Veuf,Secondaire,CDI,29,35.88,28591.25,525,0.81,9392.02,3,1
Homme,Célibataire,Master,Sans emploi,61,2.46,60560.31,591,0.92,41269.98,1,1
Homme,Célibataire,Bachelier,CDD,21,14.13,81465.89,789,0.09,48503.89,3,0
Homme,Marié,Secondaire,Sans emploi,50,17.77,32394.41,817,0.91,5631.83,3,0
Autre,Veuf,Sans diplôme,CDI,47,37.05,115282.19,522,0.92,26571.26,3,1
Homme,Marié,Bachelier,Sans emploi,39,11.72,26376.05,471,1.0,9771.61,4,1
Femme,Veuf,Sans diplôme,CDD,35,27.54,104602.24,397,0.78,23834.26,4,1
Homme,Veuf,Master,Sans emploi,23,8.8,38764.99,584,0.26,31127.58,2,1
Autre,Marié,Master,CDD,65,24.51,15012.74,693,0.26,24309.53,1,0
Femme,Marié,Master,CDD,45,4.52,76424.92,401,0.69,5775.06,1,1
Homme,Veuf,Doctorat,CDD,19,30.18,57895.23,409,0.68,49453.01,4,1
Femme,Divorcé,Doctorat,Indépendant,51,1.78,43490.53,394,0.66,46661.19,2,1
Autre,Veuf,Doctorat,Sans emploi,58,39.93,45228.48,779,0.35,39756.79,1,1
Homme,Célibataire,Secondaire,Sans emploi,61,32.06,84649.33,357,0.52,23030.64,1,1
Homme,Célibataire,Doctorat,CDI,57,24.51,61868.82,749,0.3,36027.06,3,0
Homme,Marié,Master,CDD,61,30.74,64582.4,446,0.6,36939.58,4,1
Autre,Veuf,Master,CDD,69,0.12,15728.16,483,0.77,20311.46,1,0
Femme,Divorcé,Sans diplôme,CDI,55,17.14,86956.65,466,0.7,6785.89,4,0
Homme,Divorcé,Bachelier,Sans emploi,48,23.74,66671.12,455,0.43,33004.15,3,1
Homme,Marié,Bachelier,Sans emploi,36,39.05,97503.71,563,0.52,47663.77,4,1
Homme,Marié,Secondaire,Sans emploi,33,14.63,69743.43,547,0.77,38650.43,3,0
Homme,Marié,Bachelier,CDD,69,38.82,38468.79,791,0.23,15259.43,1,1
Femme,Marié,Secondaire,CDD,63,20.62,23883.14,418,0.22,30011.46,0,1
Autre,Divorcé,Sans diplôme,CDI,58,2.78,66306.67,546,0.48,22559.66,1,0
Autre,Célibataire,Master,Indépendant,47,24.66,114977.78,524,0.49,29592.52,1,0
Femme,Divorcé,Master,Indépendant,22,32.88,30001.98,388,0.02,37582.68,3,1
Homme,Célibataire,Secondaire,CDD,66,35.49,75854.92,659,0.58,26902.27,1,0
Femme,Célibataire,Doctorat,Sans emploi,60,21.15,73385.5,737,0.42,46054.23,4,0
Femme,Célibataire,Sans diplôme,Sans emploi,38,17.79,40415.81,461,0.58,36145.16,1,1
Femme,Divorcé,Master,Indépendant,34,25.52,97757.1,730,0.91,20854.35,4,0
Femme,Veuf,Master,Sans emploi,39,2.5,86676.16,562,0.33,32555.02,0,1
Femme,Marié,Sans diplôme,Indépendant,20,37.67,66207.62,531,0.11,25491.95,4,0
Femme,Marié,Secondaire,CDD,38,9.6,78596.21,448,0.21,40641.39,4,1
Autre,Veuf,Doctorat,CDD,63,25.09,81147.42,848,0.31,5335.23,3,0
Autre,Divorcé,Secondaire,Sans emploi,42,24.14,115581.61,660,0.86,31350.45,3,1
Femme,Divorcé,Sans diplôme,Sans emploi,61,28.87,32296.22,469,0.55,6057.11,3,0
Femme,Veuf,Bachelier,Indépendant,38,34.14,70429.41,819,1.0,49070.05,4,1
Femme,Célibataire,Secondaire,Sans emploi,63,10.11,102729.18,372,0.29,27838.96,1,0
Autre,Divorcé,Bachelier,CDD,33,8.28,23142.05,738,0.07,17545.98,3,1
Homme,Célibataire,Sans diplôme,Sans emploi,51,29.85,118918.48,739,0.3,9981.48,1,1
Homme,Divorcé,Bachelier,Sans emploi,42,7.46,93557.41,571,0.99,20376.28,1,1
Homme,Veuf,Master,Sans emploi,42,38.24,37338.3,517,0.74,33533.56,1,1
Femme,Marié,Bachelier,CDD,58,7.89,117225.21,726,0.92,48779.97,3,1
Homme,Marié,Doctorat,Sans emploi,45,21.06,35134.59,845,0.59,9248.02,1,0
Femme,Marié,Doctorat,Indépendant,21,26.25,104926.76,466,0.28,14460.66,0,0
Homme,Divorcé,Sans diplôme,CDI,37,6.83,37121.35,586,0.95,17462.45,4,1
Autre,Veuf,Doctorat,Indépendant,30,15.44,100035.49,597,0.23,39470.19,3,1
Autre,Célibataire,Bachelier,Indépendant,68,31.16,45938.36,633,0.4,8553.8,2,1
Femme,Marié,Master,Indépendant,62,12.01,119581.86,770,0.29,45247.88,1,1
Homme,Célibataire,Sans diplôme,CDD,28,13.77,99645.82,664,0.64,14854.41,4,1
Homme,Marié,Secondaire,Indépendant,27,8.16,38012.98,568,0.42,37311.24,2,1
Homme,Célibataire,Master,Sans emploi,46,30.34,93727.55,362,0.96,39224.83,2,1
Homme,Divorcé,Secondaire,CDD,64,9.58,73110.13,782,0.97,45188.77,4,1
Homme,Divorcé,Sans diplôme,CDI,49,10.83,35571.73,811,0.1,14339.25,0,1
Autre,Célibataire,Secondaire,Indépendant,41,19.64,22746.74,661,0.93,37547.05,4,1
Femme,Divorcé,Master,CDI,31,7.67,58847.42,653,0.8,20888.42,1,1
Homme,Célibataire,Doctorat,Sans emploi,23,9.18,28349.25,631,0.71,22472.92,1,1
Autre,Divorcé,Sans diplôme,Sans emploi,63,37.05,102637.73,548,0.36,27874.04,1,1
Homme,Divorcé,Doctorat,Indépendant,58,32.08,45412.52,481,0.68,10902.82,2,1
Autre,Célibataire,Doctorat,Sans emploi,25,10.74,27429.6,750,0.81,21142.6,3,1
Femme,Marié,Doctorat,Sans emploi,59,27.96,89359.29,366,0.83,47322.02,0,1
Homme,Marié,Master,Sans emploi,64,14.57,36726.93,364,0.81,13128.29,4,1
Homme,Veuf,Bachelier,CDD,34,17.0,85362.05,635,0.32,19182.38,2,0
Autre,Veuf,Doctorat,CDI,68,28.23,53934.31,797,0.19,41327.53,1,1
Femme,Marié,Bachelier,Indépendant,57,32.22,52800.04,815,0.54,16249.04,4,0
Autre,Célibataire,Sans diplôme,CDI,53,10.54,21426.2,665,0.25,12415.57,0,1
Autre,Veuf,Secondaire,CDD,60,6.95,10145.21,576,0.78,13573.15,3,0
Femme,Marié,Doctorat,Sans emploi,46,17.6,114094.77,347,0.04,49355.44,1,1
Homme,Divorcé,Bachelier,Sans emploi,35,10.06,10931.6,412,0.43,23598.84,3,1
Homme,Marié,Sans diplôme,CDD,55,32.15,91568.67,743,0.78,22818.53,2,1
Autre,Veuf,Master,Sans emploi,19,6.76,85075.6,744,0.08,39065.81,3,1
Femme,Divorcé,Sans diplôme,Indépendant,35,13.07,56468.8,818,0.69,7823.29,1,1
Femme,Marié,Master,Indépendant,48,7.73,69491.66,380,0.23,12629.2,1,0
Homme,Marié,Secondaire,CDI,52,1.33,57526.11,363,0.13,37394.6,0,1
Homme,Célibataire,Secondaire,CDD,21,23.36,85261.53,755,0.31,19384.31,2,1
Autre,Divorcé,Bachelier,CDD,51,31.2,89333.62,704,0.02,36575.52,0,0
Homme,Divorcé,Master,Indépendant,61,32.71,40979.3,613,0.63,6028.72,3,1
Femme,Divorcé,Master,Sans emploi,43,27.54,103436.23,838,0.33,31566.18,4,1
Autre,Marié,Secondaire,CDD,19,30.51,67177.92,505,0.99,29491.06,1,1
Autre,Marié,Sans diplôme,CDD,52,17.74,102917.34,486,0.1,11518.54,0,0
Femme,Veuf,Sans diplôme,Sans emploi,67,4.57,112521.32,650,0.89,10343.11,1,0
Homme,Célibataire,Bachelier,CDD,57,10.88,64749.61,402,0.5,46766.94,4,0
Homme,Veuf,Secondaire,Sans emploi,58,22.43,93823.68,535,0.12,27725.76,1,1
Femme,Célibataire,Secondaire,CDI,36,37.2,70185.39,809,0.86,7245.52,3,1
Homme,Veuf,Doctorat,CDI,59,27.2,56320.34,657,0.11,11685.1,4,1
Homme,Célibataire,Bachelier,Sans emploi,39,7.39,53064.85,525,0.65,35264.88,2,0
Autre,Veuf,Secondaire,CDI,65,18.58,74178.96,707,0.25,26454.4,0,1
Homme,Marié,Doctorat,Sans emploi,46,33.5,52002.08,368,0.45,31894.83,1,1
Homme,Célibataire,Master,Sans emploi,19,3.87,97458.73,418,0.57,25622.38,3,0
Femme,Divorcé,Doctorat,CDD,59,3.17,32805.87,479,0.92,46648.17,0,1
Femme,Célibataire,Secondaire,Sans emploi,56,37.5,39844.83,594,0.28,42136.19,1,1
Femme,Veuf,Sans diplôme,Sans emploi,30,34.94,69175.3,796,0.39,49106.5,3,1
Femme,Marié,Bachelier,Sans emploi,33,17.15,43035.01,806,0.2,47265.48,4,1
Femme,Célibataire,Master,Sans emploi,46,28.96,87969.22,560,0.34,37791.41,2,1
Femme,Divorcé,Sans diplôme,Sans emploi,43,31.37,68667.06,375,0.13,7363.87,1,0
Autre,Divorcé,Bachelier,Indépendant,68,13.21,19560.9,672,0.55,49959.58,1,1
Homme,Divorcé,Master,Indépendant,40,17.45,93272.9,466,0.56,26299.34,1,1
Autre,Marié,Master,Indépendant,45,34.43,34149.95,791,0.62,7744.87,2,1
Homme,Divorcé,Secondaire,CDI,31,0.53,113807.61,324,0.23,49614.05,1,1
Femme,Célibataire,Doctorat,CDD,51,13.53,58113.49,345,0.43,30666.95,2,1
Homme,Veuf,Sans diplôme,CDI,32,38.83,91331.64,445,0.04,25655.18,2,1
Autre,Veuf,Doctorat,CDI,26,18.33,96410.4,785,0.04,5890.52,4,1
Homme,Célibataire,Secondaire,Indépendant,22,16.22,76954.74,618,0.31,24278.05,0,1
Homme,Veuf,Secondaire,Indépendant,64,1.3,36468.09,390,0.49,13247.18,3,1
Femme,Divorcé,Sans diplôme,CDD,39,29.15,25803.48,709,0.69,37352.7,2,0
Autre,Marié,Master,Sans emploi,63,37.64,90201.91,576,0.76,5354.01,0,1
Femme,Veuf,Bachelier,CDI,46,27.91,37339.77,425,0.4,28986.61,2,0
Femme,Divorcé,Master,CDD,40,26.3,40523.67,816,0.76,6967.23,4,0
Femme,Veuf,Doctorat,Sans emploi,32,37.28,80929.88,507,0.73,37167.35,4,1
Homme,Célibataire,Sans diplôme,CDI,18,6.16,118421.91,614,0.63,47885.88,4,1
Homme,Célibataire,Secondaire,CDD,68,4.16,67824.68,489,0.14,6949.42,4,1
Autre,Veuf,Master,CDI,55,27.42,47459.42,340,0.29,9638.79,0,0
Homme,Veuf,Sans diplôme,CDD,68,2.95,13777.67,630,0.53,28201.68,1,1
Homme,Divorcé,Bachelier,CDI,27,36.35,99789.84,647,0.81,49210.79,3,0
Autre,Veuf,Secondaire,Sans emploi,51,27.39,84274.94,696,0.4,23515.55,2,0
Femme,Marié,Master,CDI,58,31.02,91723.06,720,0.97,32700.78,1,1
Autre,Veuf,Secondaire,Indépendant,58,35.92,24151.79,434,0.67,39274.4,0,1
Autre,Célibataire,Doctorat,CDI,69,3.31,76380.02,412,0.31,46756.4,0,1
Homme,Marié,Bachelier,Sans emploi,25,13.48,24560.34,790,0.56,12965.75,3,1
Autre,Veuf,Bachelier,Indépendant,44,22.17,21290.88,683,0.38,46014.17,3,1
Autre,Divorcé,Bachelier,Sans emploi,47,34.15,91323.23,802,0.91,33189.09,4,1
Homme,Veuf,Doctorat,Sans emploi,68,22.24,98183.82,800,0.05,41252.31,1,1
Autre,Célibataire,Master,CDD,35,22.97,70246.32,787,0.23,18299.99,0,1
Femme,Célibataire,Master,Sans emploi,28,22.92,25478.24,636,0.1,27504.54,1,0
Homme,Célibataire,Master,Sans emploi,61,26.63,92427.71,364,0.81,14403.16,2,1
Femme,Célibataire,Master,Sans emploi,51,28.96,21773.85,514,0.19,43457.19,4,1
Autre,Veuf,Master,Indépendant,19,27.44,74230.47,417,0.74,14206.06,1,1
Femme,Célibataire,Sans diplôme,CDI,56,5.53,90739.85,452,0.56,29674.71,2,1
Femme,Célibataire,Doctorat,Indépendant,37,39.63,88489.2,526,0.83,23806.09,3,1
Homme,Divorcé,Bachelier,Sans emploi,47,34.08,88290.53,811,0.99,7231.53,4,1
Femme,Veuf,Master,Sans emploi,24,18.9,14131.64,586,0.15,23546.64,4,1
Femme,Célibataire,Master,Sans emploi,23,25.74,109252.94,619,0.15,40297.88,2,1
Femme,Célibataire,Bachelier,Indépendant,22,10.69,63046.75,807,0.64,28801.96,4,0
Autre,Divorcé,Bachelier,Sans emploi,20,33.2,25274.76,761,0.04,18715.86,0,0
Homme,Célibataire,Sans diplôme,CDD,58,24.04,64819.04,701,0.82,25043.6,4,1
Femme,Célibataire,Doctorat,Indépendant,58,10.5,64646.49,849,0.38,39841.95,1,0
Femme,Divorcé,Secondaire,CDD,34,33.63,88071.21,766,0.4,35066.92,3,0
Homme,Célibataire,Sans diplôme,CDD,25,3.94,36429.72,575,0.57,9990.65,1,1
Femme,Célibataire,Secondaire,Indépendant,58,10.21,39360.26,622,0.34,28906.1,2,1
Autre,Divorcé,Sans diplôme,Sans emploi,42,13.5,18592.29,707,0.3,13941.29,4,1
Homme,Célibataire,Doctorat,CDI,41,4.97,22489.56,829,0.2,49028.33,3,1
Femme,Divorcé,Doctorat,Sans emploi,40,18.57,56009.21,652,0.72,38238.14,3,0
Autre,Célibataire,Secondaire,CDD,59,30.63,69127.01,845,0.77,8645.04,4,0
Femme,Veuf,Master,Indépendant,24,16.29,108976.42,735,0.61,16170.32,1,0
Autre,Veuf,Master,CDD,32,27.8,87556.45,726,0.24,8515.66,0,1
Femme,Célibataire,Master,Indépendant,69,7.76,119000.32,793,0.69,21654.34,2,1
Autre,Veuf,Secondaire,Sans emploi,57,33.08,75293.57,429,0.16,42020.8,4,1
Femme,Veuf,Master,Sans emploi,42,6.82,113280.79,410,0.88,8004.0,0,0
Autre,Veuf,Bachelier,Indépendant,49,28.05,104045.22,376,0.45,12441.07,4,1
Autre,Divorcé,Bachelier,Sans emploi,38,11.26,13044.45,364,0.48,17035.04,2,1
Autre,Veuf,Doctorat,Sans emploi,36,32.68,97581.27,616,0.2,33083.61,1,1
Autre,Marié,Secondaire,CDI,53,38.59,34555.9,467,0.62,48860.76,1,1
Homme,Divorcé,Master,Indépendant,50,31.08,114313.07,612,0.99,42022.94,2,1
Autre,Marié,Bachelier,CDD,38,2.16,23164.7,522,0.59,14041.69,2,1
Autre,Veuf,Master,Sans emploi,42,1.58,32602.11,707,0.65,36952.83,1,1
Autre,Veuf,Sans diplôme,CDD,50,0.84,43370.16,404,0.29,30037.45,1,1
Autre,Marié,Master,CDI,45,37.41,10340.08,366,0.33,27123.25,4,1
Homme,Célibataire,Doctorat,Sans emploi,62,7.16,11505.08,773,0.2,45877.36,0,1
Femme,Veuf,Sans diplôme,CDD,54,34.17,80214.95,444,0.51,31465.84,4,1
Homme,Divorcé,Secondaire,CDI,36,29.34,16147.25,653,0.15,11174.44,3,1
Autre,Marié,Master,Indépendant,40,27.04,21140.06,415,0.62,12423.55,0,1
Homme,Marié,Master,Indépendant,52,1.88,57691.02,347,0.47,46488.8,0,1
Homme,Veuf,Sans diplôme,Indépendant,49,22.79,93496.47,806,0.62,8609.23,2,0
Autre,Marié,Doctorat,CDI,68,38.93,48751.69,410,0.07,11206.13,4,1
Femme,Marié,Doctorat,Sans emploi,36,25.86,107505.9,322,0.88,34390.12,0,0
Autre,Divorcé,Doctorat,CDD,32,11.57,29507.49,766,0.38,15095.18,0,1
Autre,Célibataire,Secondaire,CDD,25,30.7,34689.68,328,0.21,42174.46,2,0
Femme,Célibataire,Sans diplôme,Indépendant,29,19.41,14822.27,631,0.5,23720.29,1,1
Femme,Marié,Bachelier,CDD,28,4.68,98688.66,722,0.93,26707.99,3,1
Autre,Célibataire,Secondaire,CDI,56,35.05,94404.89,373,0.69,10788.72,1,1
Femme,Marié,Doctorat,Sans emploi,59,32.18,112068.34,699,0.34,6267.36,0,0
Autre,Célibataire,Doctorat,Sans emploi,40,1.07,104278.24,472,0.3,39165.63,3,1
Femme,Célibataire,Master,CDI,18,1.63,10671.05,696,0.66,8329.54,1,1
Autre,Divorcé,Secondaire,Sans emploi,52,7.55,79793.42,539,0.09,33807.16,1,0
Homme,Marié,Sans diplôme,CDI,35,34.52,33473.94,379,0.37,29188.92,4,1
Femme,Divorcé,Doctorat,CDI,60,7.78,16218.1,594,0.48,28332.07,4,0
Femme,Veuf,Bachelier,CDD,24,36.87,117788.06,691,0.76,18485.83,3,0
Autre,Célibataire,Master,CDI,21,20.43,42531.43,831,0.33,39021.29,3,0
Autre,Veuf,Sans diplôme,CDD,58,11.49,58203.72,690,0.79,23027.61,0,1
Homme,Marié,Sans diplôme,Sans emploi,45,5.0,62038.27,437,0.78,11806.46,4,1
Autre,Marié,Sans diplôme,Indépendant,30,23.2,116988.17,326,0.02,7521.94,2,1
Femme,Marié,Master,Sans emploi,57,35.86,64560.68,448,0.19,20414.66,0,0
Autre,Veuf,Bachelier,CDD,39,24.81,89875.84,658,0.65,32362.47,2,1
Homme,Veuf,Doctorat,CDI,43,17.37,39769.68,848,0.5,14914.49,4,0
Femme,Marié,Master,Sans emploi,18,25.0,71563.51,459,0.03,38399.22,1,1
Autre,Marié,Master,CDD,61,29.39,66281.69,597,0.36,9892.66,1,1
Homme,Veuf,Bachelier,Sans emploi,52,9.57,20001.04,512,0.63,26238.41,0,1
Autre,Marié,Sans diplôme,Indépendant,19,10.8,104692.6,716,0.99,29151.69,3,1
Femme,Célibataire,Doctorat,Indépendant,66,35.69,26900.38,775,0.21,41945.54,4,1
Autre,Marié,Secondaire,Sans emploi,61,31.23,57701.15,760,0.15,10307.65,2,1
Femme,Célibataire,Sans diplôme,Indépendant,55,29.06,110028.55,459,0.36,5075.37,2,1
Homme,Divorcé,Sans diplôme,CDD,64,26.82,76294.88,347,0.55,29016.94,0,0
Homme,Veuf,Bachelier,CDI,61,20.77,52358.77,543,0.66,11782.63,0,0
Femme,Célibataire,Secondaire,CDI,43,14.5,96993.2,848,0.36,30726.2,4,0
Homme,Veuf,Doctorat,Sans emploi,41,15.67,17276.03,451,0.23,6480.63,1,1
Autre,Veuf,Doctorat,Sans emploi,60,3.17,93649.52,582,0.01,27080.38,0,1
Homme,Divorcé,Doctorat,CDD,69,35.45,105107.83,607,0.18,22583.3,4,1
Femme,Marié,Bachelier,CDI,22,0.84,95526.83,811,0.1,12031.13,1,0
Autre,Célibataire,Secondaire,CDI,25,33.79,41509.1,417,0.24,26053.13,3,1
Homme,Célibataire,Secondaire,CDD,47,18.22,47434.89,419,0.32,26472.62,3,0
Autre,Célibataire,Sans diplôme,Indépendant,19,7.37,102082.25,672,0.08,8054.66,3,1
Homme,Divorcé,Master,CDI,41,24.92,34875.76,379,0.41,35460.85,2,0
Homme,Marié,Secondaire,Sans emploi,41,20.53,69168.29,688,0.17,46116.5,3,1
Femme,Veuf,Doctorat,Indépendant,42,25.63,71475.6,765,0.58,32604.92,4,1
Homme,Veuf,Doctorat,CDI,43,14.63,99356.15,456,0.38,33223.61,0,0
Femme,Célibataire,Master,Indépendant,23,31.94,11774.52,739,0.64,38678.14,1,0
Homme,Veuf,Master,Indépendant,40,17.13,119988.7,403,0.78,47123.18,4,1
Autre,Divorcé,Sans diplôme,CDI,67,15.54,25415.4,618,0.08,49211.47,1,1
Homme,Célibataire,Sans diplôme,CDI,34,25.06,49167.29,538,0.38,27170.82,0,1
Autre,Célibataire,Bachelier,CDD,49,33.44,83780.67,763,0.98,47525.35,2,1
Femme,Célibataire,Doctorat,Sans emploi,66,3.51,12143.66,526,0.0,21165.92,0,1
Homme,Célibataire,Bachelier,CDI,18,17.5,64494.81,626,0.46,37744.02,0,1
Autre,Divorcé,Doctorat,CDI,68,18.92,11454.53,463,0.47,47155.81,0,1
Homme,Veuf,Bachelier,Sans emploi,21,21.28,37961.09,692,0.82,5730.47,1,0
Autre,Marié,Sans diplôme,CDD,51,13.04,111147.42,505,0.29,46424.45,0,0
Homme,Marié,Secondaire,Indépendant,49,7.35,43945.47,699,0.78,44827.26,4,1
Autre,Célibataire,Master,Sans emploi,24,9.14,113675.06,536,0.0,14246.86,3,1
Autre,Divorcé,Doctorat,CDD,18,9.87,52698.8,809,0.49,23437.11,3,1
Homme,Marié,Sans diplôme,Indépendant,26,16.57,72453.88,748,0.32,10531.38,4,0
Homme,Marié,Sans diplôme,Sans emploi,42,22.15,91464.51,566,0.81,38623.41,2,1
Autre,Veuf,Sans diplôme,CDD,24,13.27,101687.23,794,0.4,39983.61,3,0
Femme,Célibataire,Bachelier,CDI,29,33.03,15064.02,780,0.07,44642.39,1,1
Femme,Veuf,Master,CDI,22,19.03,49334.77,495,0.71,24865.34,2,1
Femme,Veuf,Sans diplôme,Indépendant,55,12.23,17047.8,611,0.01,33352.77,0,1
Femme,Célibataire,Bachelier,CDI,25,13.83,116991.84,650,0.33,42964.14,2,0
Homme,Divorcé,Sans diplôme,Indépendant,43,39.57,39574.22,381,0.5,9202.02,0,1
Autre,Veuf,Bachelier,CDD,69,26.46,55938.73,369,0.74,10362.12,3,1
Femme,Marié,Secondaire,CDI,60,16.39,55765.43,535,0.31,41800.31,0,1
Femme,Célibataire,Bachelier,Indépendant,23,35.87,48164.66,561,0.1,24888.63,2,1
Femme,Divorcé,Doctorat,Sans emploi,55,30.58,24131.81,769,0.83,41129.12,0,0
Femme,Divorcé,Master,CDD,22,34.58,36441.04,825,0.01,5006.77,4,1
Autre,Divorcé,Bachelier,CDI,60,6.44,77963.92,811,0.87,10176.26,0,1
Homme,Marié,Master,CDI,30,32.1,97359.37,649,0.11,21575.45,4,0
Autre,Veuf,Bachelier,Indépendant,34,19.2,102717.95,503,0.13,22894.57,1,1
Femme,Veuf,Master,Sans emploi,23,2.73,36381.29,775,0.17,42519.1,4,0
Femme,Marié,Secondaire,CDI,31,3.68,30965.89,810,0.15,27940.21,2,1
Femme,Marié,Doctorat,Indépendant,29,22.94,60804.96,535,0.79,46308.4,1,1
Femme,Divorcé,Doctorat,CDI,40,15.55,62752.98,494,0.81,24111.4,2,1
Autre,Divorcé,Doctorat,CDD,60,2.83,50064.96,725,0.17,8013.37,1,0
Homme,Veuf,Bachelier,CDI,57,17.45,48444.54,819,0.11,25608.29,1,0
Femme,Célibataire,Doctorat,Indépendant,18,31.69,90481.34,684,0.57,23495.4,4,1
Autre,Veuf,Sans diplôme,Indépendant,42,8.6,117717.98,778,0.7,29725.58,1,1
Femme,Veuf,Sans diplôme,Indépendant,66,28.9,11416.98,731,0.56,33792.31,2,0
Femme,Veuf,Doctorat,Sans emploi,45,17.05,22148.03,423,0.03,7650.7,2,1
Femme,Veuf,Doctorat,Sans emploi,48,13.15,36395.36,342,0.77,32788.82,1,1
Autre,Célibataire,Bachelier,CDD,42,16.71,107284.47,541,0.71,10952.32,1,1
Homme,Marié,Doctorat,CDI,46,25.44,106231.25,632,0.72,24431.59,0,0
Autre,Veuf,Master,Sans emploi,42,15.32,54752.86,764,0.21,45154.86,0,0
Autre,Marié,Secondaire,CDI,48,21.34,54083.82,457,0.07,11022.64,1,0
Autre,Célibataire,Bachelier,CDI,64,2.99,58837.05,843,1.0,14394.18,1,1
Autre,Marié,Bachelier,Indépendant,50,26.56,14161.74,460,0.48,24035.84,3,1
Autre,Célibataire,Sans diplôme,Indépendant,64,5.78,105183.92,401,0.73,7717.72,0,1
Homme,Célibataire,Bachelier,CDI,53,6.76,87595.94,698,0.1,17882.45,4,1
Femme,Veuf,Bachelier,Indépendant,40,27.86,45369.1,622,0.5,8486.11,2,0
Femme,Célibataire,Secondaire,CDI,65,39.64,12644.71,316,0.5,26466.96,4,1
Autre,Divorcé,Master,CDI,26,36.14,29977.69,459,0.12,30802.04,0,0
Autre,Marié,Secondaire,Indépendant,21,18.3,45497.34,426,0.35,38717.71,0,1
Autre,Veuf,Master,Sans emploi,54,12.11,42560.1,415,0.89,46545.77,3,1
Femme,Divorcé,Sans diplôme,CDI,32,17.8,107497.71,323,0.69,24692.94,3,0
Femme,Marié,Secondaire,Sans emploi,54,22.39,97451.44,583,0.73,33251.45,4,1
Femme,Divorcé,Secondaire,Sans emploi,35,10.56,31215.83,579,0.88,7703.07,3,0
Autre,Veuf,Secondaire,Indépendant,37,28.87,109589.19,734,0.31,26389.12,3,1
Autre,Marié,Doctorat,Sans emploi,42,0.96,70295.73,568,0.79,44150.33,1,0
Femme,Marié,Doctorat,Sans emploi,42,37.7,43359.41,613,0.1,31652.54,1,1
Autre,Célibataire,Secondaire,Sans emploi,53,29.04,24316.16,650,0.58,21879.56,3,0
Homme,Divorcé,Bachelier,Sans emploi,68,34.92,113587.9,829,0.53,9016.08,2,1
Femme,Divorcé,Sans diplôme,CDI,19,13.54,17240.88,355,0.43,27436.36,2,1
Femme,Marié,Bachelier,Indépendant,30,37.28,38796.23,584,0.21,46341.65,1,0
Autre,Divorcé,Sans diplôme,Indépendant,38,39.6,102269.93,476,0.43,8325.24,2,1
Homme,Marié,Sans diplôme,Indépendant,25,7.18,40690.47,430,0.84,28889.21,2,1
Femme,Marié,Doctorat,CDI,40,22.97,62893.44,686,0.73,24184.55,1,1
Homme,Célibataire,Sans diplôme,CDI,62,34.67,96271.53,372,0.44,39175.87,2,0
Homme,Marié,Secondaire,CDD,33,1.95,75009.8,408,0.97,11801.77,4,1
Autre,Divorcé,Secondaire,CDI,50,31.03,88456.39,326,0.79,12703.79,4,1
Femme,Veuf,Sans diplôme,CDI,51,1.4,44336.06,510,0.04,37220.2,0,1
Homme,Célibataire,Doctorat,Sans emploi,31,26.19,31833.33,743,0.75,35598.09,2,0
Femme,Veuf,Bachelier,CDI,19,3.83,76381.9,790,0.72,28295.73,4,1
Autre,Marié,Doctorat,CDD,21,4.02,28390.21,761,0.05,5205.11,4,1
Femme,Célibataire,Doctorat,CDD,57,11.5,69287.65,313,0.93,43504.91,4,1
Autre,Célibataire,Bachelier,Sans emploi,54,14.95,102646.45,314,0.47,49432.9,3,1
Femme,Marié,Secondaire,CDI,56,20.24,76089.08,780,0.24,35034.99,1,0
Femme,Divorcé,Master,CDI,45,2.7,80215.47,439,0.45,46995.26,2,1
Autre,Marié,Doctorat,Indépendant,52,15.67,40352.4,667,0.83,39101.66,4,0
Homme,Marié,Secondaire,CDI,63,38.3,118913.7,486,0.25,35787.29,0,0
Homme,Marié,Sans diplôme,Sans emploi,56,19.11,42351.21,564,0.91,20806.86,3,1
Femme,Marié,Doctorat,Indépendant,65,39.02,49317.74,797,0.06,8584.68,3,0
Femme,Marié,Doctorat,CDI,43,37.84,52443.03,792,0.09,6447.69,1,1
Femme,Divorcé,Sans diplôme,Indépendant,34,10.91,114494.18,340,0.6,25275.27,2,1
Homme,Célibataire,Master,CDD,66,32.58,77175.3,348,0.51,25679.11,0,1
Autre,Divorcé,Master,Sans emploi,68,13.86,16654.03,462,0.67,22378.34,2,0
Autre,Marié,Bachelier,CDD,27,25.82,51651.02,465,0.04,6346.54,4,1
Autre,Célibataire,Sans diplôme,CDI,43,13.04,26136.32,822,0.26,13970.54,0,1
Homme,Célibataire,Secondaire,CDD,18,7.87,25251.33,347,0.7,11143.15,0,0
Autre,Célibataire,Secondaire,CDD,33,23.16,75426.9,835,0.34,5573.24,2,1
Homme,Veuf,Master,Indépendant,34,34.03,48721.82,356,0.3,32861.01,2,0
Femme,Divorcé,Bachelier,Sans emploi,60,38.28,69462.75,432,0.82,9452.57,3,0
Autre,Divorcé,Bachelier,Sans emploi,54,10.5,78272.43,544,0.8,11677.53,4,1
Autre,Divorcé,Secondaire,CDD,25,27.18,63660.19,543,0.74,9460.09,4,0
Homme,Marié,Bachelier,CDI,41,33.01,33693.06,390,0.63,39409.94,1,1
Femme,Divorcé,Master,CDI,67,8.47,20169.01,325,0.95,44752.03,2,1
Autre,Veuf,Master,CDD,58,20.48,43041.25,597,0.02,10345.73,4,0
Homme,Veuf,Bachelier,CDI,56,36.22,69236.75,320,0.15,32704.92,1,1
Homme,Divorcé,Master,CDD,63,34.6,40728.84,459,0.46,32885.99,2,1
Autre,Veuf,Master,Sans emploi,55,0.45,53095.59,666,0.28,17659.69,1,0
Femme,Divorcé,Bachelier,CDI,67,24.97,109627.53,482,0.29,31483.1,4,1
Autre,Veuf,Master,Indépendant,55,25.42,12896.81,430,0.98,24497.68,3,1
Homme,Célibataire,Sans diplôme,CDD,22,39.64,19099.58,746,0.04,9844.04,0,1
Homme,Célibataire,Master,CDI,52,27.54,100206.86,840,0.03,48121.12,3,0
Homme,Marié,Doctorat,Indépendant,40,21.59,30471.32,569,0.94,35538.59,0,1
Femme,Célibataire,Secondaire,Sans emploi,67,7.28,101543.56,325,0.16,47928.18,1,0
Homme,Marié,Sans diplôme,CDD,48,10.56,78733.67,413,0.04,11796.05,2,0
Femme,Célibataire,Bachelier,CDI,51,32.79,22035.8,382,0.46,40736.92,2,1
Homme,Veuf,Secondaire,Sans emploi,45,2.78,46770.96,834,0.88,23928.16,2,1
Femme,Marié,Doctorat,CDD,25,0.57,115774.83,734,0.31,46835.88,3,1
Autre,Veuf,Secondaire,Indépendant,31,24.45,29429.39,675,0.93,35914.59,2,1
Femme,Veuf,Master,CDD,43,27.05,55477.95,799,0.87,11622.44,0,1
Autre,Marié,Secondaire,Sans emploi,55,33.03,43804.06,409,0.28,6461.36,0,1
Femme,Célibataire,Bachelier,Indépendant,49,21.21,66079.66,652,0.44,10653.0,0,1
Autre,Célibataire,Master,Indépendant,54,33.69,57782.74,612,0.92,37071.04,2,1
Femme,Veuf,Master,Sans emploi,67,33.01,112504.5,378,0.12,5474.38,4,1
Autre,Divorcé,Doctorat,CDI,65,15.59,100872.85,640,0.06,26521.9,0,1
Homme,Divorcé,Secondaire,Indépendant,57,3.63,73841.66,460,0.19,29887.4,0,1
Autre,Marié,Doctorat,Indépendant,26,30.52,46722.95,452,0.23,41552.04,4,1
Femme,Veuf,Master,CDI,36,38.61,92624.27,631,0.18,25096.77,2,1
Homme,Marié,Master,Indépendant,38,35.13,74854.73,378,0.03,5246.9,2,1
Homme,Marié,Doctorat,CDI,43,25.33,27872.68,314,0.72,14845.2,3,0
Autre,Célibataire,Master,Sans emploi,57,3.84,44324.63,692,0.16,7139.94,2,1
Autre,Célibataire,Secondaire,Sans emploi,47,23.69,72515.56,801,0.46,49142.86,0,1
Homme,Veuf,Sans diplôme,CDI,20,0.63,86995.79,517,0.12,33729.01,3,1
Autre,Divorcé,Doctorat,Indépendant,58,23.68,45255.47,733,0.37,5086.4,4,0
Homme,Célibataire,Bachelier,CDD,68,33.35,110124.64,387,0.4,6733.81,4,0
Homme,Marié,Sans diplôme,Indépendant,35,29.66,54901.97,565,0.91,15148.49,1,1
Autre,Divorcé,Bachelier,CDD,58,24.63,26408.92,773,0.71,40048.5,3,1
Autre,Célibataire,Master,Indépendant,57,4.82,33358.09,362,0.91,22955.86,4,1
Femme,Marié,Sans diplôme,Sans emploi,51,6.91,31866.76,310,0.49,27741.31,1,1
Autre,Célibataire,Master,CDI,21,33.8,35718.47,800,0.17,44262.89,0,0
Homme,Célibataire,Master,Indépendant,44,23.66,52203.98,379,0.41,45105.93,4,1
Homme,Célibataire,Doctorat,CDI,65,20.88,61143.85,723,0.59,24252.72,1,1
Femme,Marié,Bachelier,CDD,42,8.32,69650.33,680,0.54,39207.18,1,0
Femme,Marié,Secondaire,Indépendant,67,16.98,113182.91,502,0.9,15537.91,3,1
Homme,Célibataire,Doctorat,CDD,48,23.24,72695.55,462,0.59,12883.39,2,1
Femme,Marié,Doctorat,Indépendant,69,25.12,29761.1,622,0.26,48933.24,0,0
Homme,Célibataire,Bachelier,CDI,19,28.14,60089.09,475,0.95,33719.05,2,1
Autre,Veuf,Doctorat,CDI,60,29.93,28568.99,752,0.17,34577.94,1,1
Homme,Divorcé,Bachelier,Indépendant,36,24.83,110220.05,784,0.48,44502.7,4,0
Femme,Marié,Doctorat,CDD,25,6.22,28521.37,718,0.89,6216.55,2,1
Autre,Célibataire,Sans diplôme,Indépendant,61,21.69,77161.22,334,0.71,17864.98,2,0
Homme,Célibataire,Bachelier,Indépendant,23,2.99,73575.94,574,0.54,37362.65,4,1
Homme,Veuf,Secondaire,Indépendant,58,23.63,78546.52,664,0.69,25458.04,2,1
Femme,Célibataire,Doctorat,CDD,55,39.18,16447.58,817,0.44,47429.1,4,1
Femme,Divorcé,Sans diplôme,Sans emploi,37,10.69,41825.46,583,0.4,25275.85,0,1
Homme,Marié,Secondaire,Indépendant,52,15.67,48903.8,447,0.63,10716.45,3,1
Autre,Veuf,Doctorat,Sans emploi,39,10.9,111547.71,417,0.74,45828.51,4,0
Femme,Célibataire,Doctorat,CDI,54,22.36,76945.23,380,0.94,5230.25,4,0
Autre,Célibataire,Master,Indépendant,42,1.75,98860.39,722,0.84,39144.36,4,1
Femme,Célibataire,Doctorat,Indépendant,48,39.76,64562.61,678,0.96,5375.19,3,1
Autre,Veuf,Secondaire,CDI,19,31.87,53703.61,539,0.12,25844.68,1,1
Homme,Marié,Secondaire,Sans emploi,18,24.69,63195.9,613,0.99,14249.6,0,0
Autre,Divorcé,Sans diplôme,Indépendant,42,32.51,96588.02,748,0.2,47824.83,4,1
Homme,Divorcé,Master,CDD,63,8.86,20010.77,702,0.08,22853.32,2,1
Autre,Célibataire,Sans diplôme,Sans emploi,65,34.34,114904.61,593,0.66,6392.88,0,0
Homme,Célibataire,Sans diplôme,Sans emploi,22,39.34,76391.24,435,0.67,39955.75,4,1
Homme,Marié,Doctorat,Indépendant,18,25.42,30484.45,515,0.97,19246.28,1,1
Autre,Célibataire,Sans diplôme,CDD,54,22.51,14813.96,388,0.77,33775.63,2,0
Femme,Divorcé,Bachelier,Sans emploi,68,18.05,24089.62,445,0.39,23235.26,4,1
Homme,Marié,Master,Indépendant,38,25.71,21781.42,420,0.6,24733.13,3,1
Autre,Veuf,Doctorat,Sans emploi,22,26.25,54290.91,670,0.61,16870.84,2,1
Homme,Veuf,Bachelier,Indépendant,23,22.21,86118.96,739,0.77,40474.97,3,0
Homme,Marié,Secondaire,Indépendant,32,30.49,37520.08,321,0.58,25867.42,0,1
Autre,Célibataire,Master,CDD,40,14.17,52355.42,823,0.39,6782.79,2,0
Homme,Divorcé,Secondaire,CDI,33,32.45,72061.54,516,0.68,47514.52,2,1
Femme,Marié,Secondaire,Sans emploi,37,25.41,99480.93,389,0.24,27361.44,3,1
Autre,Marié,Doctorat,Sans emploi,30,13.82,76844.27,646,0.35,26868.74,0,1
Homme,Célibataire,Bachelier,Sans emploi,57,7.17,30372.91,530,0.07,20590.28,0,0
Autre,Divorcé,Master,Sans emploi,50,19.27,36860.18,315,0.82,33581.65,3,1
Autre,Divorcé,Doctorat,Sans emploi,48,18.16,50855.05,803,0.07,23069.42,4,0
Femme,Veuf,Sans diplôme,Sans emploi,38,11.78,63575.74,321,0.3,38726.57,1,0
Autre,Veuf,Master,Indépendant,38,23.66,107262.65,377,0.93,44446.22,3,1
Autre,Marié,Doctorat,Indépendant,23,0.22,37133.12,384,0.56,27037.92,3,0
Autre,Divorcé,Master,Indépendant,28,13.06,112045.01,814,0.22,34364.85,4,0
Autre,Célibataire,Master,CDI,42,25.96,95080.48,695,0.99,18299.16,4,1
Autre,Célibataire,Doctorat,Sans emploi,29,1.03,45146.47,590,0.88,33143.13,2,1
Homme,Marié,Secondaire,Indépendant,39,23.06,116348.07,621,0.07,33585.77,2,0
Autre,Marié,Secondaire,CDD,24,15.06,50566.42,543,0.23,28038.87,0,1
Homme,Divorcé,Doctorat,Sans emploi,19,30.31,84737.65,373,0.64,12193.07,4,0
Homme,Célibataire,Master,Sans emploi,31,8.5,113020.91,386,0.2,37638.94,0,0
Femme,Veuf,Secondaire,CDI,33,32.86,96813.47,707,0.54,19384.88,3,1
Femme,Veuf,Bachelier,CDD,65,8.27,107515.75,644,0.17,22469.67,0,1
Autre,Veuf,Sans diplôme,CDD,61,24.26,27783.61,623,0.67,43319.47,3,0
Femme,Divorcé,Sans diplôme,CDI,39,7.92,80787.32,489,0.53,35650.63,3,1
Homme,Divorcé,Bachelier,CDI,21,21.89,18789.85,455,0.97,8720.19,4,1
Autre,Marié,Bachelier,Indépendant,47,18.95,117794.93,671,0.13,30442.06,0,1
Femme,Célibataire,Bachelier,CDI,27,8.96,86810.66,760,0.53,8911.41,4,0
Homme,Veuf,Master,Sans emploi,42,23.35,21464.91,403,0.31,34045.54,3,1
Femme,Célibataire,Secondaire,CDD,54,8.83,97229.99,390,0.61,22759.35,2,0
Autre,Divorcé,Bachelier,Indépendant,67,20.35,60853.87,401,0.2,41584.95,1,1
Femme,Célibataire,Doctorat,CDI,38,34.27,18746.96,459,0.93,40108.05,1,0
Autre,Veuf,Sans diplôme,CDD,55,34.56,98480.56,456,0.44,49986.88,4,1
Autre,Célibataire,Sans diplôme,CDI,64,25.89,13878.01,720,0.43,18462.66,3,1
Femme,Veuf,Bachelier,Indépendant,37,18.61,97486.42,753,0.79,12878.55,4,0
Autre,Divorcé,Secondaire,Sans emploi,58,26.78,73164.31,846,0.91,13339.32,4,1
Autre,Marié,Bachelier,CDD,21,32.41,10297.67,441,0.49,31951.35,2,0
Autre,Veuf,Doctorat,CDI,55,31.66,58986.87,388,0.77,20054.49,4,1
Autre,Marié,Bachelier,Indépendant,21,21.94,77164.22,667,0.14,45808.47,0,1
Femme,Veuf,Master,Sans emploi,38,12.3,32563.24,471,0.25,8571.03,2,1
Autre,Marié,Bachelier,CDI,56,26.31,35973.63,767,0.69,39416.76,1,1
Autre,Divorcé,Master,Sans emploi,48,0.76,17119.59,357,0.93,27036.98,4,1
Autre,Célibataire,Secondaire,Sans emploi,51,38.75,83670.73,732,0.12,33684.5,4,0
Autre,Veuf,Secondaire,Indépendant,43,13.19,31396.57,695,0.13,31452.09,1,0
Homme,Veuf,Doctorat,CDD,59,16.7,104719.81,388,0.98,28861.64,2,0
Femme,Veuf,Secondaire,CDD,62,21.92,93437.4,770,0.09,36425.63,2,1
Femme,Divorcé,Master,CDI,40,28.7,20225.69,781,0.04,29556.79,3,1
Homme,Veuf,Secondaire,CDD,55,6.47,71343.99,339,0.53,46511.23,0,1
Femme,Divorcé,Master,CDI,20,15.03,55375.99,702,0.22,29825.49,2,1
Homme,Marié,Doctorat,CDI,45,12.76,95659.82,424,0.3,46384.96,4,0
Femme,Célibataire,Master,CDD,64,2.24,82841.0,444,0.62,41285.08,0,1
Femme,Marié,Bachelier,CDI,69,18.15,18597.02,305,0.35,43139.65,2,0
Autre,Célibataire,Secondaire,Sans emploi,55,3.52,117982.16,715,1.0,45377.94,3,1
Homme,Célibataire,Sans diplôme,CDI,46,35.29,38262.1,320,0.23,14115.04,0,0
Homme,Marié,Bachelier,CDD,53,21.19,38111.55,583,0.87,20414.96,1,1
Femme,Veuf,Master,Sans emploi,65,32.71,43526.95,513,0.88,45471.83,4,1
Homme,Veuf,Bachelier,Indépendant,51,23.82,117366.14,843,0.44,11714.67,0,1
Autre,Marié,Bachelier,CDI,43,37.43,98415.99,352,1.0,27056.52,0,1
Femme,Divorcé,Bachelier,CDI,28,3.27,19465.67,470,0.28,9713.68,0,1
Femme,Célibataire,Bachelier,CDI,57,29.28,55978.15,594,0.09,11864.61,0,1
Autre,Célibataire,Master,CDD,26,27.31,104081.42,782,0.57,31500.02,1,1
Homme,Célibataire,Secondaire,Sans emploi,35,31.81,48414.54,776,0.01,22824.57,0,0
Homme,Célibataire,Secondaire,Indépendant,43,22.92,42055.54,784,0.47,24066.15,1,1
Femme,Célibataire,Bachelier,CDD,25,12.06,80334.11,459,0.84,27865.92,0,1
Femme,Veuf,Sans diplôme,CDD,69,12.5,50444.08,389,0.42,34732.76,0,1
Autre,Divorcé,Secondaire,CDD,47,35.5,27777.98,558,0.2,27469.83,1,1
Homme,Célibataire,Master,Indépendant,57,14.18,63159.81,433,0.26,20379.76,0,0
Homme,Divorcé,Master,CDD,59,32.56,99286.57,457,0.91,13676.38,2,0
Homme,Marié,Secondaire,CDD,38,30.64,102897.64,772,0.66,25901.29,1,1
Autre,Divorcé,Master,CDD,51,20.4,77722.0,801,0.16,21899.89,4,0
Autre,Veuf,Master,Indépendant,67,36.48,119903.24,640,0.46,41695.04,2,0
Femme,Divorcé,Doctorat,Indépendant,28,12.03,118313.79,505,0.61,5688.37,0,1
Femme,Divorcé,Master,Indépendant,30,0.26,36256.44,740,0.51,30667.9,0,1
Femme,Marié,Secondaire,Indépendant,65,30.31,94801.3,782,0.79,32830.67,4,1
Femme,Célibataire,Secondaire,CDD,20,30.59,30228.5,344,0.01,49455.34,2,1
Homme,Divorcé,Sans diplôme,Indépendant,50,7.83,55255.82,688,0.28,44841.39,1,1
Homme,Veuf,Bachelier,Sans emploi,42,32.63,11095.99,387,0.57,28290.53,2,0
Homme,Marié,Secondaire,Sans emploi,23,34.36,32158.16,790,0.54,17983.2,4,1
Homme,Divorcé,Master,CDI,37,26.28,34597.99,302,0.1,5458.32,1,1
Autre,Divorcé,Sans diplôme,CDD,18,20.78,118653.91,638,0.18,15835.14,1,1
Autre,Marié,Doctorat,CDI,35,25.14,14580.98,839,0.75,43134.59,3,0
Homme,Veuf,Sans diplôme,Indépendant,41,25.47,114043.69,328,0.53,48796.53,0,1
Femme,Veuf,Master,CDI,64,33.96,102201.11,420,0.64,36547.44,1,1
Homme,Veuf,Secondaire,CDD,38,9.17,12472.73,770,0.82,32173.44,1,0
Femme,Divorcé,Sans diplôme,CDD,54,36.68,25040.59,798,0.58,32280.54,3,1
Autre,Divorcé,Master,Sans emploi,54,38.0,79193.33,525,0.31,34245.84,3,1
Autre,Veuf,Doctorat,CDD,30,8.8,48587.84,711,0.52,5080.51,1,1
Femme,Célibataire,Sans diplôme,CDI,62,4.21,47549.55,783,0.13,21648.13,4,1
Homme,Veuf,Master,CDD,54,26.94,86611.84,305,0.27,19817.55,3,0
Homme,Marié,Bachelier,CDD,33,4.52,119423.11,519,0.66,49006.99,2,1
Femme,Divorcé,Secondaire,CDI,55,9.96,46598.35,738,0.04,5032.7,4,0
Homme,Marié,Master,Indépendant,42,6.57,111534.83,529,0.0,38135.51,2,1
Homme,Marié,Bachelier,CDD,63,34.33,90128.59,796,0.89,23237.91,2,0
Autre,Célibataire,Secondaire,Indépendant,38,36.36,103168.82,799,0.96,7914.22,4,1
Femme,Célibataire,Secondaire,Indépendant,25,12.53,65972.19,655,0.91,21242.88,1,1
Homme,Veuf,Secondaire,CDD,64,13.27,68661.89,349,0.22,10753.2,0,1
Autre,Célibataire,Bachelier,CDI,41,18.57,70111.13,656,0.75,6681.2,2,1
Homme,Divorcé,Sans diplôme,Indépendant,38,5.44,72165.3,362,0.46,35755.39,4,0
Homme,Divorcé,Bachelier,Sans emploi,23,31.24,25888.52,756,0.07,6110.81,2,1
Femme,Divorcé,Bachelier,CDI,25,21.32,32774.99,673,0.79,5538.38,0,1
Homme,Divorcé,Master,CDD,54,11.87,26909.71,823,0.81,24169.28,3,1
Autre,Divorcé,Master,CDD,65,19.28,31006.84,548,0.72,10875.44,3,1
Homme,Veuf,Doctorat,CDD,27,23.71,83146.42,802,1.0,25075.74,3,0
Femme,Divorcé,Bachelier,CDD,23,13.77,32715.01,633,0.99,21471.54,2,1
Homme,Veuf,Bachelier,CDD,43,10.73,106623.4,313,0.18,9602.48,2,1
Homme,Marié,Doctorat,Sans emploi,51,5.84,23141.95,523,0.8,33786.82,4,1
Femme,Marié,Bachelier,CDD,38,27.26,118761.42,700,0.66,34237.5,1,1
Homme,Célibataire,Bachelier,CDI,18,17.69,10157.54,682,0.73,34010.51,0,1
Homme,Divorcé,Doctorat,CDD,51,3.52,102826.2,601,0.99,43908.35,3,1
Femme,Marié,Doctorat,Sans emploi,37,24.33,10218.97,791,0.84,5304.82,1,1
Homme,Veuf,Doctorat,Indépendant,27,4.67,96401.52,593,0.39,6248.08,0,1
Autre,Veuf,Secondaire,Indépendant,20,5.34,90042.03,641,0.94,28542.44,3,0
Homme,Veuf,Master,CDD,34,25.87,86399.49,552,0.88,25970.7,3,0
Homme,Célibataire,Doctorat,Sans emploi,41,34.42,48597.17,313,0.71,49575.54,1,1
Femme,Veuf,Secondaire,CDI,68,29.06,78979.67,460,0.94,21089.12,0,1
Femme,Célibataire,Master,CDD,43,39.45,75934.6,503,0.46,22509.69,4,0
Femme,Veuf,Doctorat,CDD,60,9.8,91349.13,531,0.71,42606.79,3,0
Femme,Célibataire,Bachelier,CDD,34,33.04,88101.14,374,0.0,33039.15,1,1
Homme,Célibataire,Bachelier,CDD,35,23.87,37305.51,651,0.57,8198.38,1,1
Autre,Marié,Master,CDI,58,30.16,88054.94,347,0.72,7594.67,4,0
Autre,Marié,Sans diplôme,Sans emploi,35,19.2,44371.5,394,0.38,28784.83,4,1
Autre,Veuf,Master,Sans emploi,67,4.99,52405.07,748,0.87,22854.76,1,1
Femme,Marié,Secondaire,Indépendant,55,32.41,41655.1,584,0.49,38094.41,1,1
Homme,Célibataire,Bachelier,Indépendant,59,13.89,91312.15,630,0.28,33262.8,2,0
Homme,Célibataire,Bachelier,Indépendant,56,6.49,101813.94,579,0.55,5013.79,0,1
Homme,Divorcé,Doctorat,Indépendant,30,21.33,37351.48,313,0.91,5759.49,4,0
Autre,Divorcé,Secondaire,Indépendant,24,21.13,66549.64,556,0.68,42787.15,4,1
Autre,Célibataire,Sans diplôme,Indépendant,65,10.44,87618.35,825,0.95,12406.33,4,1
Femme,Marié,Secondaire,CDI,42,30.0,100698.88,840,0.45,30631.8,1,1
Autre,Célibataire,Secondaire,CDD,51,14.33,89998.15,833,0.66,47322.36,3,0
Autre,Veuf,Secondaire,CDI,32,21.23,20910.16,721,0.63,48497.3,0,0
Autre,Divorcé,Secondaire,CDI,23,21.82,85249.81,381,0.24,42991.37,1,1
Autre,Divorcé,Sans diplôme,CDI,27,37.79,109594.01,529,0.74,45001.55,0,1
Homme,Marié,Secondaire,Sans emploi,55,39.18,58617.9,845,0.07,45727.64,1,0
Autre,Célibataire,Sans diplôme,CDI,56,27.58,91686.85,602,0.58,8445.01,4,1
Autre,Divorcé,Master,Sans emploi,29,0.03,115811.79,373,0.18,43575.93,3,1
Autre,Marié,Secondaire,CDI,43,32.02,86336.18,768,0.19,23707.95,2,0
Autre,Divorcé,Doctorat,CDI,34,35.53,41869.94,647,0.98,6919.95,1,1
Autre,Marié,Sans diplôme,Sans emploi,37,39.29,59728.23,393,0.38,28992.7,1,1
Autre,Divorcé,Sans diplôme,CDD,41,0.78,61557.75,712,0.52,10251.68,4,0
Femme,Veuf,Secondaire,CDI,68,34.38,103394.95,590,0.67,8560.15,2,1
Femme,Divorcé,Doctorat,CDI,66,34.67,116509.84,300,0.5,26041.05,4,1
Homme,Célibataire,Doctorat,Indépendant,27,7.71,75252.0,506,0.73,19164.6,1,1
Femme,Marié,Secondaire,Indépendant,60,33.54,18461.44,838,0.03,44659.3,4,1
Homme,Marié,Doctorat,CDD,59,1.87,114450.53,844,0.68,19201.59,0,1
Femme,Divorcé,Sans diplôme,Sans emploi,59,2.77,119342.49,499,0.32,42015.93,0,1
Femme,Célibataire,Secondaire,CDI,57,23.73,53513.5,847,0.88,5220.1,0,1
Femme,Divorcé,Secondaire,Indépendant,44,38.61,100843.02,525,0.14,47714.38,2,1
Homme,Divorcé,Secondaire,CDI,60,18.82,57726.65,673,0.03,7444.81,0,1
Homme,Divorcé,Master,Indépendant,29,15.11,86500.9,771,0.06,16829.75,3,0
Femme,Veuf,Secondaire,Sans emploi,25,19.9,14605.91,399,0.52,6119.9,2,1
Femme,Marié,Bachelier,Sans emploi,45,39.53,107975.58,751,0.22,48170.97,4,0
Homme,Célibataire,Bachelier,Indépendant,50,26.55,14927.15,722,0.75,7325.83,4,1
Homme,Veuf,Sans diplôme,Indépendant,48,21.98,34207.82,733,0.06,20705.14,3,0
Femme,Veuf,Master,Indépendant,40,31.69,72452.44,739,0.23,34872.81,0,1
Femme,Divorcé,Master,CDI,47,18.96,107090.97,340,0.83,19490.71,4,1
Femme,Divorcé,Doctorat,Sans emploi,50,20.03,39974.22,306,0.05,5336.9,4,1
Femme,Divorcé,Secondaire,CDD,20,30.97,19825.24,525,0.79,15825.76,4,1
Homme,Marié,Bachelier,Indépendant,40,19.08,99053.72,336,0.11,37161.17,2,1
Autre,Divorcé,Master,Indépendant,65,5.17,49522.74,817,0.84,22022.53,4,1
Homme,Veuf,Bachelier,CDD,58,1.34,91797.33,580,0.78,41912.84,3,1
Homme,Marié,Bachelier,CDI,65,25.73,31162.29,638,0.22,38254.1,2,0
Autre,Veuf,Secondaire,Indépendant,42,4.23,35615.02,587,0.4,31369.4,2,1
Autre,Marié,Bachelier,CDD,69,35.52,48947.26,397,0.46,9251.39,4,1
Homme,Marié,Sans diplôme,CDI,32,20.14,96312.24,651,0.39,49189.97,1,1
Homme,Marié,Sans diplôme,CDI,20,0.62,113219.2,314,0.21,28430.28,3,0
Autre,Veuf,Master,Sans emploi,21,10.84,96593.11,312,0.23,16708.07,3,0
Autre,Marié,Master,Sans emploi,51,23.33,10854.27,682,0.69,32096.06,3,1
Autre,Veuf,Doctorat,CDI,60,13.18,98930.25,419,0.15,36805.09,2,1
Homme,Célibataire,Bachelier,CDI,54,15.23,80007.13,693,0.28,26037.7,2,1
Femme,Veuf,Master,CDI,18,35.74,97838.97,480,0.06,33882.39,2,1
Autre,Veuf,Secondaire,Indépendant,42,25.96,72954.87,631,0.22,9861.81,2,1
Femme,Marié,Master,Indépendant,68,9.92,13151.14,567,0.04,44332.95,2,1
Femme,Marié,Sans diplôme,CDI,56,34.95,98342.88,578,0.7,35632.63,1,1
Homme,Divorcé,Bachelier,CDD,30,33.63,18399.7,482,0.4,39784.41,3,1
Homme,Célibataire,Sans diplôme,CDI,33,25.57,48307.48,301,0.38,10118.08,3,0
Femme,Célibataire,Master,Indépendant,44,9.76,69465.25,429,0.49,28368.62,4,0
Homme,Divorcé,Master,CDD,41,32.45,41446.24,436,0.26,36166.77,3,1
Autre,Veuf,Sans diplôme,Indépendant,47,17.03,93569.09,579,0.36,28502.73,1,1
Autre,Veuf,Doctorat,Indépendant,34,11.2,117154.52,658,0.59,9464.4,2,1
Femme,Marié,Doctorat,CDD,36,8.63,60883.7,747,0.22,7729.66,1,0
Femme,Célibataire,Master,CDI,63,10.09,114804.02,536,0.46,32720.73,2,1
Autre,Marié,Doctorat,CDI,51,18.27,110873.62,392,0.57,40860.11,4,1
Autre,Divorcé,Sans diplôme,Indépendant,21,24.67,100009.71,760,0.14,49848.31,2,1
Femme,Célibataire,Bachelier,CDD,56,36.1,89954.0,623,0.31,30569.79,0,1
Autre,Marié,Master,CDD,25,33.11,12202.92,760,0.55,15327.38,0,1
Homme,Célibataire,Secondaire,Indépendant,38,8.18,109177.41,558,0.4,23228.45,2,1
Homme,Célibataire,Doctorat,CDD,66,35.74,72984.82,311,0.72,9798.78,0,1
Femme,Marié,Doctorat,Indépendant,42,13.79,24472.3,500,0.23,23624.18,3,1
Homme,Marié,Secondaire,CDD,20,20.72,86053.85,447,0.47,42807.53,3,1
Femme,Célibataire,Secondaire,CDI,28,13.22,39907.84,416,0.82,22558.99,1,1
Homme,Divorcé,Sans diplôme,Indépendant,69,32.6,86091.58,447,0.14,7328.01,3,1
Homme,Veuf,Sans diplôme,Sans emploi,52,4.41,18847.13,755,0.89,12466.01,4,1
Femme,Célibataire,Doctorat,CDD,42,36.93,117255.9,694,0.45,35135.5,4,1
Autre,Divorcé,Bachelier,CDD,18,8.72,17318.0,793,0.48,36105.15,1,1
Femme,Célibataire,Sans diplôme,Sans emploi,24,10.31,105448.24,677,0.64,13911.88,0,0
Femme,Marié,Sans diplôme,CDD,31,7.03,44748.16,328,0.54,41456.37,4,0
Autre,Divorcé,Master,Indépendant,56,4.63,42240.52,431,0.82,17638.5,3,1
Homme,Divorcé,Master,CDD,43,23.24,53447.92,629,0.19,30007.19,3,1
Femme,Célibataire,Sans diplôme,CDD,45,17.57,94981.54,382,0.13,18846.75,2,1
Femme,Veuf,Bachelier,CDD,65,32.68,31973.83,738,0.26,36190.27,1,1
Femme,Célibataire,Doctorat,Sans emploi,23,13.49,59179.07,369,1.0,21905.38,0,1
Homme,Veuf,Secondaire,Indépendant,63,31.21,63768.18,489,0.1,39281.31,2,1
Homme,Divorcé,Sans diplôme,Indépendant,59,23.45,109827.55,675,0.53,26754.17,3,1
Autre,Veuf,Bachelier,Sans emploi,41,27.51,71033.49,569,0.77,33812.16,1,0
Femme,Marié,Bachelier,Sans emploi,69,18.82,80251.89,554,0.83,46672.39,1,1
Autre,Veuf,Bachelier,CDI,42,11.08,108348.97,343,0.96,24590.52,4,1
Autre,Veuf,Sans diplôme,Indépendant,31,0.29,46668.97,822,1.0,29779.02,3,1
Femme,Divorcé,Sans diplôme,Indépendant,39,10.16,17947.25,628,0.55,13510.3,3,0
Femme,Veuf,Bachelier,Indépendant,31,22.85,96736.27,365,0.24,36204.45,2,0
Autre,Divorcé,Bachelier,CDI,20,21.28,93460.9,792,0.52,14571.84,3,1
Homme,Marié,Sans diplôme,CDI,59,38.6,45673.56,628,0.74,36048.12,3,1
Autre,Marié,Doctorat,CDD,19,28.45,114275.03,300,0.48,46543.25,0,1
Homme,Célibataire,Sans diplôme,Sans emploi,63,6.38,101705.43,543,0.27,47358.54,1,1
Homme,Célibataire,Master,Sans emploi,18,39.66,10308.76,632,0.82,41082.27,0,1
Autre,Célibataire,Bachelier,Indépendant,32,13.82,21623.59,681,0.83,29261.51,3,1
Femme,Marié,Doctorat,CDD,54,23.6,61099.56,427,0.55,42674.83,2,1
Autre,Veuf,Secondaire,CDD,25,4.98,110132.58,725,0.6,25599.19,4,0
Autre,Divorcé,Sans diplôme,CDD,66,28.41,29388.09,438,0.51,21961.3,0,0
Homme,Marié,Bachelier,Indépendant,27,37.21,83584.7,344,0.78,36605.08,0,1
Autre,Veuf,Sans diplôme,Indépendant,62,12.03,105481.59,306,0.89,14329.58,2,1
Femme,Célibataire,Secondaire,CDI,67,32.38,112285.5,514,0.0,8342.58,3,0
Autre,Divorcé,Sans diplôme,Sans emploi,22,39.0,82166.95,755,0.97,21471.2,4,1
Autre,Célibataire,Doctorat,CDI,34,12.59,48812.67,824,0.34,20328.59,0,0
Homme,Divorcé,Secondaire,CDD,34,6.04,50020.5,656,0.4,10423.58,2,1
Femme,Veuf,Master,CDD,34,38.59,93847.29,687,0.37,43455.3,0,1
Femme,Marié,Master,Sans emploi,21,24.97,105792.1,676,0.84,35066.65,3,1
Homme,Célibataire,Bachelier,Indépendant,58,6.51,115805.63,761,0.74,6160.6,3,1
Femme,Marié,Master,CDI,20,23.26,93516.49,613,0.18,29307.18,0,0
Femme,Veuf,Sans diplôme,Sans emploi,50,17.16,71467.27,744,0.41,11921.14,4,1
Autre,Veuf,Doctorat,CDD,24,2.54,110437.19,525,0.0,28004.91,3,1
Homme,Veuf,Master,CDD,39,35.72,113706.68,398,0.8,39706.37,1,1
Femme,Marié,Bachelier,Sans emploi,46,33.42,61435.89,769,0.24,23587.41,4,1
Homme,Marié,Sans diplôme,CDI,40,8.24,114321.96,335,0.08,31858.92,3,0
Autre,Divorcé,Bachelier,Indépendant,45,33.38,76356.34,541,0.66,29589.75,4,1
Femme,Marié,Bachelier,CDD,67,31.53,54992.55,683,0.22,30992.26,1,1
Homme,Marié,Doctorat,Indépendant,22,29.66,107110.8,536,0.55,26515.27,0,0
Femme,Veuf,Doctorat,CDD,22,9.58,56165.46,308,0.16,12516.44,1,1
Homme,Divorcé,Bachelier,Indépendant,49,1.5,49638.78,585,0.79,15872.64,4,1
Autre,Marié,Bachelier,CDD,20,32.72,100058.82,559,0.98,45232.22,2,0
Autre,Marié,Master,CDD,43,31.48,117257.63,735,0.11,38219.29,2,1
Femme,Veuf,Master,Sans emploi,48,7.78,82920.94,528,0.84,49228.96,4,1
Femme,Marié,Secondaire,CDD,29,10.56,45611.86,321,0.49,7435.85,2,1
Homme,Veuf,Doctorat,Indépendant,28,9.76,101922.42,641,0.05,19245.74,3,1
Femme,Divorcé,Master,CDI,20,20.94,110528.7,671,0.52,48167.95,4,1
Autre,Veuf,Bachelier,Sans emploi,29,29.11,26397.03,500,0.48,24772.05,3,1
Autre,Veuf,Master,Indépendant,30,11.15,44036.44,741,0.89,32195.19,4,1
Autre,Divorcé,Secondaire,Sans emploi,38,7.25,77879.31,824,0.34,30638.36,1,1
Femme,Célibataire,Master,Indépendant,27,28.72,46585.68,438,0.76,11331.02,4,1
Homme,Veuf,Bachelier,Sans emploi,53,37.51,77986.91,485,0.13,37899.69,4,1
Autre,Marié,Master,Indépendant,69,14.57,100994.14,487,0.39,7624.07,0,0
Autre,Veuf,Master,CDD,24,19.33,25234.55,606,0.54,29208.33,2,1
